Day,Clear,Cloudy,Variable,Precipitation,Snow,Notes
2009-10-01,,,1,,,
2009-10-02,1,,,,,
2009-10-03,1,,,,,
2009-10-04,1,,,,,
2009-10-05,1,,,,,
2009-10-06,1,,,,,
2009-10-07,1,,,,,
2009-10-08,,1,,,,
2009-10-09,,,1,,,
2009-10-10,,,,1,,
2009-10-11,,1,,,,
2009-10-12,,,,1,1000/1200,
2009-10-13,,,1,,,
2009-10-14,,,,1,,
2009-10-15,1,,,,,
2009-10-16,,,1,,,
2009-10-17,,,,1,,
2009-10-18,,,1,,,
2009-10-19,1,,,,,
2009-10-20,1,,,,,
2009-10-21,,1,,,,
2009-10-22,,,,1,,
2009-10-23,,1,,,,
2009-10-24,1,,,,,
2009-10-25,1,,,,,
2009-10-26,1,,,,,
2009-10-27,1,,,,,
2009-10-28,1,,,,,
2009-10-29,1,,,,,
2009-10-30,1,,,,,
2009-10-31,,1,,,,
2009-11-01,1,,,,,
2009-11-02,,,,1,1300/900,
2009-11-03,,,1,,,
2009-11-04,,,1,,1200/800,
2009-11-05,,,1,,,
2009-11-06,,,,1,1200/800,
2009-11-07,,,1,,,
2009-11-08,,,,1,1000/1300,
2009-11-09,,,,1,1200,
2009-11-10,,,1,,,
2009-11-11,1,,,,,
2009-11-12,,1,,,,
2009-11-13,,1,,,,
2009-11-14,,1,,,,
2009-11-15,,1,,,,
2009-11-16,,,1,,,
2009-11-17,,1,,,,
2009-11-18,,,1,,,
2009-11-19,1,,,,,
2009-11-20,1,,,,,
2009-11-21,1,,,,,
2009-11-22,1,,,,,
2009-11-23,,,1,,,
2009-11-24,,,1,,1500,
2009-11-25,1,,,,,
2009-11-26,,1,,,,
2009-11-27,,,1,,,
2009-11-28,,,1,,,
2009-11-29,,,1,,,
2009-11-30,,,,1,1000/1700,
2009-12-01,,,1,,1000,
2009-12-02,1,,,,,
2009-12-03,1,,,,,
2009-12-04,,,,1,,
2009-12-05,,1,,,,
2009-12-06,,1,,,,
2009-12-07,,,1,,,
2009-12-08,,,,1,1000/800,
2009-12-09,1,,,,,
2009-12-10,,,1,,,
2009-12-11,,,1,,,
2009-12-12,,,1,,,
2009-12-13,,1,,,,
2009-12-14,1,,,,,
2009-12-15,1,,,,,
2009-12-16,1,,,,,
2009-12-17,1,,,,,
2009-12-18,1,,,,,
2009-12-19,,1,,,,
2009-12-20,1,,,,,
2009-12-21,,,1,,,
2009-12-22,,,,1,200,
2009-12-23,,,,1,,
2009-12-24,,,,1,2200,
2009-12-25,,,,1,2200/1000,
2009-12-26,1,,,,,
2009-12-27,,1,,,,
2009-12-28,1,,,,,
2009-12-29,,1,,,,
2009-12-30,,,1,,,
2009-12-31,,,1,,,
2010-01-01,,1,,,,
2010-01-02,,1,,,,
2010-01-03,1,,,,,
2010-01-04,,1,,,,
2010-01-05,,1,,,,
2010-01-06,,1,,,,
2010-01-07,,,,1,200,
2010-01-08,,,,1,1000,
2010-01-09,,,,1,700/1300,
2010-01-10,,,1,,,
2010-01-11,,,1,,,
2010-01-12,,,1,,700,
2010-01-13,,,1,,,
2010-01-14,,1,,,,
2010-01-15,1,,,,,
2010-01-16,1,,,,,
2010-01-17,,,1,,,
2010-01-18,1,,,,,
2010-01-19,1,,,,,
2010-01-20,1,,,,,
2010-01-21,,,1,,,
2010-01-22,1,,,,,
2010-01-23,1,,,,,
2010-01-24,1,,,,,
2010-01-25,,1,,,,
2010-01-26,,,1,,,
2010-01-27,,1,,,,
2010-01-28,,,,1,700,
2010-01-29,,,1,,,
2010-01-30,,,1,,,
2010-01-31,,1,,,,
2010-02-01,,,1,,,
2010-02-02,1,,,,,
2010-02-03,,,1,,,
2010-02-04,1,,,,,
2010-02-05,,,,1,200,
2010-02-06,,,1,,,
2010-02-07,,,1,,,
2010-02-08,1,,,,,
2010-02-09,1,,,,,
2010-02-10,,,1,,,
2010-02-11,,,,1,,
2010-02-12,1,,,,,
2010-02-13,1,,,,,
2010-02-14,1,,,,,
2010-02-15,,,1,,,
2010-02-16,1,,,,,
2010-02-17,,1,,,,
2010-02-18,,,,1,1000,
2010-02-19,,,,1,1000/1300,
2010-02-20,,,1,,800,
2010-02-21,,1,,,,
2010-02-22,,,1,,200,
2010-02-23,,,1,,,
2010-02-24,,,1,,,
2010-02-25,,1,,,,
2010-02-26,,,,1,900/1300,
2010-02-27,,1,,,,
2010-02-28,,,1,,900/1300,
2010-03-01,1,,,,,
2010-03-02,,1,,,,
2010-03-03,1,,,,,
2010-03-04,,,,1,900,
2010-03-05,,,1,,,
2010-03-06,,,1,,,
2010-03-07,1,,,,,
2010-03-08,1,,,,,
2010-03-09,,,,1,,
2010-03-10,,,,1,400,
2010-03-11,,,1,,,
2010-03-12,1,,,,,
2010-03-13,1,,,,,
2010-03-14,1,,,,,
2010-03-15,,,1,,,
2010-03-16,,,1,,,
2010-03-17,1,,,,,
2010-03-18,1,,,,,
2010-03-19,1,,,,,
2010-03-20,,1,,,,
2010-03-21,1,,,,,
2010-03-22,,,1,,,
2010-03-23,,,1,,,
2010-03-24,,1,,,,
2010-03-25,,,1,,,
2010-03-26,,,,1,,
2010-03-27,,,1,,,
2010-03-28,,,1,,,
2010-03-29,,,1,,,
2010-03-30,,,,1,,
2010-03-31,,,,1,900,
2010-04-01,,,,1,600,
2010-04-02,1,,,,,
2010-04-03,,,1,,,
2010-04-04,,,,1,1500,
2010-04-05,,,1,,,
2010-04-06,1,,,,,
2010-04-07,1,,,,,
2010-04-08,1,,,,,
2010-04-09,1,,,,,
2010-04-10,,,1,,,
2010-04-11,,,1,,,
2010-04-12,,,1,,1000,
2010-04-13,,,1,,,
2010-04-14,,,1,,1200/1700,
2010-04-15,,,1,,,
2010-04-16,,,1,,,
2010-04-17,,1,,,,
2010-04-18,,,,1,1400,
2010-04-19,1,,,,,
2010-04-20,,,1,,,
2010-04-21,1,,,,,
2010-04-22,1,,,,,
2010-04-23,,,1,,,
2010-04-24,,1,,,,
2010-04-25,,,1,,,
2010-04-26,,,1,,,
2010-04-27,,1,,,,
2010-04-28,1,,,,,
2010-04-29,1,,,,,
2010-04-30,1,,,,,
2010-05-01,,1,,,,
2010-05-02,,,1,,,
2010-05-03,,,,1,1700,
2010-05-04,,,1,,,
2010-05-05,,,,1,,
2010-05-06,,,,1,1600,
2010-05-07,,,,1,,
2010-05-08,,,,1,,
2010-05-09,,,1,,,
2010-05-10,,,1,,,
2010-05-11,,,1,,,
2010-05-12,,,1,,,
2010-05-13,,,1,,,
2010-05-14,,,1,,,
2010-05-15,,,1,,,
2010-05-16,,1,,,,
2010-05-17,,,1,,,
2010-05-18,,1,,,,
2010-05-19,1,,,,,
2010-05-20,,,1,,,
2010-05-21,,1,,,,
2010-05-22,1,,,,,
2010-05-23,,1,,,,
2010-05-24,1,,,,,
2010-05-25,,,1,,,
2010-05-26,,,1,,,
2010-05-27,,,,1,,
2010-05-28,,,1,,,
2010-05-29,,,1,,,
2010-05-30,,,,1,,
2010-05-31,,,,1,1500,
2010-06-01,,,1,,,
2010-06-02,,,1,,,
2010-06-03,,,1,,,
2010-06-04,,1,,,,
2010-06-05,1,,,,,
2010-06-06,,,1,,,
2010-06-07,,,1,,,
2010-06-08,,,1,,,
2010-06-09,,1,,,,
2010-06-10,1,,,,,
2010-06-11,1,,,,,
2010-06-12,,,1,,,
2010-06-13,,,1,,,
2010-06-14,,,1,,,
2010-06-15,,,,1,,
2010-06-16,,,,1,,
2010-06-17,,,1,,,
2010-06-18,,,1,,,
2010-06-19,,,,1,,
2010-06-20,,,,1,1500,
2010-06-21,,,1,,,
2010-06-22,,1,,,,
2010-06-23,1,,,,,
2010-06-24,1,,,,,
2010-06-25,,,1,,,
2010-06-26,1,,,,,
2010-06-27,1,,,,,
2010-06-28,1,,,,,
2010-06-29,,,1,,,
2010-06-30,,,1,,,
2010-07-01,1,,,,,
2010-07-02,,,1,,,
2010-07-03,,,1,,,
2010-07-04,,,1,,,
2010-07-05,,1,,,,
2010-07-06,,,1,,,
2010-07-07,1,,,,,
2010-07-08,1,,,,,
2010-07-09,1,,,,,
2010-07-10,,,1,,,
2010-07-11,,,1,,,
2010-07-12,,,1,,,
2010-07-13,,,1,,,
2010-07-14,,1,,,,
2010-07-15,1,,,,,
2010-07-16,1,,,,,
2010-07-17,,,1,,,
2010-07-18,,1,,,,
2010-07-19,1,,,,,
2010-07-20,1,,,,,
2010-07-21,,,1,,,
2010-07-22,,,1,,,
2010-07-23,,,,1,,
2010-07-24,,,,1,,
2010-07-25,1,,,,,
2010-07-26,,1,,,,
2010-07-27,,,1,,,
2010-07-28,,,1,,,
2010-07-29,,,,1,,
2010-07-30,,,1,,,
2010-07-31,1,,,,,
2010-08-01,1,,,,,
2010-08-02,,,1,,,
2010-08-03,,,1,,,
2010-08-04,,,1,,,
2010-08-05,,,,1,2500,
2010-08-06,,,1,,,
2010-08-07,1,,,,,
2010-08-08,,,1,,,
2010-08-09,1,,,,,
2010-08-10,,,1,,,
2010-08-11,,,1,,,
2010-08-12,,,,1,,
2010-08-13,,,,1,,
2010-08-14,,,,1,,
2010-08-15,,,1,,,
2010-08-16,,,1,,,
2010-08-17,,,1,,,
2010-08-18,,,1,,,
2010-08-19,1,,,,,
2010-08-20,,,1,,,
2010-08-21,1,,,,,
2010-08-22,1,,,,,
2010-08-23,,,1,,,
2010-08-24,,,1,,,
2010-08-25,,1,,,,
2010-08-26,1,,,,,
2010-08-27,,,,1,,
2010-08-28,,,1,,,
2010-08-29,,,1,,,
2010-08-30,,,,1,2000,
2010-08-31,,,,1,1400,
2010-09-01,1,,,,,
2010-09-02,1,,,,,
2010-09-03,,1,,,,
2010-09-04,,,1,,,
2010-09-05,1,,,,,
2010-09-06,,,1,,,
2010-09-07,,,,1,,
2010-09-08,,,,1,,
2010-09-09,,,1,,,
2010-09-10,,1,,,,
2010-09-11,1,,,,,
2010-09-12,1,,,,,
2010-09-13,,,,1,,
2010-09-14,1,,,,,
2010-09-15,,,1,,,
2010-09-16,,,1,,,
2010-09-17,,,1,,,
2010-09-18,,,,1,2500,
2010-09-19,1,,,,,
2010-09-20,1,,,,,
2010-09-21,1,,,,,
2010-09-22,1,,,,,
2010-09-23,1,,,,,
2010-09-24,,,1,,,
2010-09-25,,,,1,1500,
2010-09-26,,,1,,1800,
2010-09-27,,,1,,,
2010-09-28,,1,,,,
2010-09-29,1,,,,,
2010-09-30,,1,,,,
2010-10-01,,,1,,,
2010-10-02,1,,,,,
2010-10-03,,1,,,,
2010-10-04,,,1,,,
2010-10-05,,,,1,,
2010-10-06,1,,,,,
2010-10-07,1,,,,,
2010-10-08,,1,,,,
2010-10-09,,1,,,,
2010-10-10,,1,,,,
2010-10-11,,1,,,,
2010-10-12,,1,,,,
2010-10-13,1,,,,,
2010-10-14,1,,,,,
2010-10-15,1,,,,,
2010-10-16,,,,1,1600>1300,
2010-10-17,,,,1,1300,
2010-10-18,,1,,,,
2010-10-19,1,,,,,
2010-10-20,,,,1,,
2010-10-21,,1,,,,
2010-10-22,1,,,,,
2010-10-23,1,,,,,
2010-10-24,,,1,,1800,
2010-10-25,,,,1,700/1100,
2010-10-26,1,,,,,
2010-10-27,1,,,,,
2010-10-28,1,,,,,
2010-10-29,1,,,,,
2010-10-30,1,,,,,
2010-10-31,,,1,,,
2010-11-01,,,1,,2300,
2010-11-02,,,,1,2300,
2010-11-03,,1,,,,
2010-11-04,1,,,,,
2010-11-05,1,,,,,
2010-11-06,1,,,,,
2010-11-07,,,,1,1800,
2010-11-08,,,,1,1000/1300,
2010-11-09,,,,1,1000,
2010-11-10,,,1,,1300,
2010-11-11,1,,,,,
2010-11-12,,,1,,1500,
2010-11-13,1,,,,,
2010-11-14,,1,,,,
2010-11-15,,,1,,,
2010-11-16,,,,1,2000>1200,
2010-11-17,,,1,,,
2010-11-18,,,1,,1600,
2010-11-19,,,,1,1100/1300,
2010-11-20,,1,,,,
2010-11-21,,,,1,1000/600,
2010-11-22,,,1,,,
2010-11-23,,1,,,,
2010-11-24,,1,,,,
2010-11-25,1,,,,,
2010-11-26,,,,1,200,
2010-11-27,,,1,,,
2010-11-28,,,,1,200,
2010-11-29,,,,1,200,
2010-11-30,,,1,,200,
2010-12-01,,,,1,200,
2010-12-02,,,,1,,
2010-12-03,,,1,,,
2010-12-04,,1,,,,
2010-12-05,,,1,,,
2010-12-06,,,1,,200,
2010-12-07,,,1,,,
2010-12-08,,,1,,>2000,
2010-12-09,,,1,,1000,
2010-12-10,,,1,,,
2010-12-11,,,,1,,
2010-12-12,,1,,,,
2010-12-13,,,1,,,
2010-12-14,1,,,,,
2010-12-15,,,1,,,
2010-12-16,1,,,,,
2010-12-17,,,1,,,
2010-12-18,1,,,,,
2010-12-19,,1,,,,
2010-12-20,,1,,,,
2010-12-21,,,1,,,
2010-12-22,,,,1,200>1000,
2010-12-23,,,,1,1500>2000,
2010-12-24,,,,1,2000>1000,
2010-12-25,,,1,,700,
2010-12-26,,,1,,,
2010-12-27,1,,,,,
2010-12-28,,,1,,,
2010-12-29,1,,,,,
2010-12-30,1,,,,,
2010-12-31,1,,,,,
2011-01-01,1,,,,,
2011-01-02,1,,,,,
2011-01-03,1,,,,,
2011-01-04,,1,,,,
2011-01-05,1,,,,,
2011-01-06,,,1,,,
2011-01-07,,,1,,,
2011-01-08,,,,1,,
2011-01-09,,,1,,,
2011-01-10,,,,1,1400,
2011-01-11,,,1,,1200/1400,
2011-01-12,,1,,,,
2011-01-13,,,,1,>1800,
2011-01-14,1,,,,,
2011-01-15,1,,,,,
2011-01-16,1,,,,,
2011-01-17,1,,,,,
2011-01-18,1,,,,,
2011-01-19,,1,,,,
2011-01-20,,1,,,,
2011-01-21,,,1,,,
2011-01-22,1,,,,,
2011-01-23,1,,,,,
2011-01-24,,,1,,,
2011-01-25,,1,,,,
2011-01-26,,,1,,,
2011-01-27,1,,,,,
2011-01-28,1,,,,,
2011-01-29,,,1,,,
2011-01-30,1,,,,,
2011-01-31,1,,,,,
2011-02-01,1,,,,,
2011-02-02,1,,,,,
2011-02-03,,1,,,,
2011-02-04,1,,,,,
2011-02-05,1,,,,,
2011-02-06,1,,,,,
2011-02-07,1,,,,,T extreme high
2011-02-08,1,,,,,
2011-02-09,1,,,,,
2011-02-10,1,,,,,
2011-02-11,,1,,,,
2011-02-12,1,,,,,
2011-02-13,,1,,,,
2011-02-14,1,,,,,
2011-02-15,1,,,,,
2011-02-16,,,,1,800>1400,
2011-02-17,,,1,,1000,
2011-02-18,,,1,,,
2011-02-19,1,,,,,
2011-02-20,,,1,,900,
2011-02-21,,,1,,,
2011-02-22,,,1,,,
2011-02-23,1,,,,,
2011-02-24,,1,,,,
2011-02-25,,,1,,,
2011-02-26,1,,,,,
2011-02-27,,,,1,500-900,
2011-02-28,,,,1,1000,
2011-03-01,1,,,,,
2011-03-02,,,1,,600,
2011-03-03,,,,1,200>700,
2011-03-04,,1,,,,
2011-03-05,1,,,,,
2011-03-06,1,,,,,
2011-03-07,1,,,,,
2011-03-08,1,,,,,
2011-03-09,1,,,,,
2011-03-10,,,1,,,
2011-03-11,1,,,,,
2011-03-12,,1,,,,
2011-03-13,,,,1,1000-1400,
2011-03-14,,,1,,1300,
2011-03-15,,1,,,,
2011-03-16,,,,1,1700,
2011-03-17,,,,1,1000,
2011-03-18,,,1,,1400,
2011-03-19,,,1,,,
2011-03-20,1,,,,,
2011-03-21,1,,,,,
2011-03-22,1,,,,,
2011-03-23,1,,,,,
2011-03-24,1,,,,,Warm
2011-03-25,1,,,,,
2011-03-26,,,1,,,
2011-03-27,,1,,,,
2011-03-28,,,1,,,
2011-03-29,1,,,,,
2011-03-30,,1,,,,
2011-03-31,,,1,,,
2011-04-01,,1,,,,
2011-04-02,1,,,,,
2011-04-03,1,,,,,
2011-04-04,,,1,,,
2011-04-05,1,,,,,
2011-04-06,,1,,,,
2011-04-07,1,,,,,
2011-04-08,1,,,,,Warm
2011-04-09,1,,,,,
2011-04-10,1,,,,,
2011-04-11,1,,,,,
2011-04-12,,,1,,,
2011-04-13,,,1,,,
2011-04-14,,,1,,,
2011-04-15,1,,,,,
2011-04-16,,1,,,,
2011-04-17,1,,,,,
2011-04-18,1,,,,,
2011-04-19,1,,,,,
2011-04-20,1,,,,,
2011-04-21,,1,,,,
2011-04-22,,1,,,,
2011-04-23,,,1,,,
2011-04-24,,,1,,,
2011-04-25,1,,,,,
2011-04-26,,,1,,,
2011-04-27,,1,,,,
2011-04-28,,1,,,,
2011-04-29,,,1,,,
2011-04-30,,1,,,,
2011-05-01,,,1,,,
2011-05-02,,,,1,,
2011-05-03,,,,1,,
2011-05-04,1,,,,,
2011-05-05,1,,,,,
2011-05-06,1,,,,,
2011-05-07,1,,,,,
2011-05-08,,1,,,,
2011-05-09,1,,,,,
2011-05-10,1,,,,,
2011-05-11,,,1,,,
2011-05-12,,,1,,,
2011-05-13,,1,,,,
2011-05-14,,,,1,,
2011-05-15,,,1,,1300,
2011-05-16,,,1,,,
2011-05-17,,,1,,,
2011-05-18,,,1,,,
2011-05-19,,1,,,,
2011-05-20,,,1,,,
2011-05-21,,,1,,,
2011-05-22,,,1,,,
2011-05-23,,,1,,,
2011-05-24,1,,,,,
2011-05-25,1,,,,,
2011-05-26,,,1,,,
2011-05-27,,,,1,1200,
2011-05-28,,,1,,,
2011-05-29,1,,,,,
2011-05-30,1,,,,,
2011-05-31,,,1,,,
2011-06-01,,,1,,,
2011-06-02,,,1,,,
2011-06-03,,,1,,,
2011-06-04,,,1,,,
2011-06-05,,,1,,,
2011-06-06,,,,1,,
2011-06-07,,,1,,,
2011-06-08,,,1,,,
2011-06-09,,,1,,,
2011-06-10,,,1,,,
2011-06-11,,,1,,,
2011-06-12,,,1,,,
2011-06-13,,,,1,,
2011-06-14,,,1,,,
2011-06-15,,,1,,,
2011-06-16,,,1,,,
2011-06-17,,,1,,,
2011-06-18,,,1,,,
2011-06-19,,,1,,,
2011-06-20,,1,,,,
2011-06-21,,,1,,,
2011-06-22,,,,1,,
2011-06-23,,,,1,,
2011-06-24,,,1,,,
2011-06-25,,,1,,,
2011-06-26,,1,,,,
2011-06-27,1,,,,,
2011-06-28,1,,,,,
2011-06-29,,,1,,,
2011-06-30,,1,,,,
2011-07-01,,,1,,,
2011-07-02,,,1,,,
2011-07-03,,1,,,,
2011-07-04,,,1,,,
2011-07-05,1,,,,,
2011-07-06,,,1,,,
2011-07-07,,,1,,,
2011-07-08,,,1,,,
2011-07-09,,1,,,,
2011-07-10,,,1,,,
2011-07-11,,1,,,,
2011-07-12,,,1,,,
2011-07-13,,,1,,,
2011-07-14,,,1,,,
2011-07-15,,,1,,,
2011-07-16,,,1,,,
2011-07-17,,,1,,,
2011-07-18,,,1,,,
2011-07-19,,,1,,,
2011-07-20,,,1,,2200-2400,
2011-07-21,,,1,,,
2011-07-22,,,1,,,
2011-07-23,,,1,,,
2011-07-24,,,1,,,
2011-07-25,,,1,,,
2011-07-26,,,1,,,
2011-07-27,,,1,,,
2011-07-28,,,1,,,
2011-07-29,,1,,,,
2011-07-30,,,1,,,
2011-07-31,,,1,,,
2011-08-01,,,1,,,
2011-08-02,1,,,,,
2011-08-03,,,1,,,
2011-08-04,,,1,,,
2011-08-05,,,1,,,
2011-08-06,,,1,,,
2011-08-07,,,1,,,
2011-08-08,,,1,,,
2011-08-09,,,1,,,
2011-08-10,,1,,,,
2011-08-11,1,,,,,
2011-08-12,,,1,,,
2011-08-13,,1,,,,
2011-08-14,,,1,,,
2011-08-15,,,1,,,
2011-08-16,1,,,,,
2011-08-17,,,1,,,
2011-08-18,1,,,,,
2011-08-19,,,1,,,
2011-08-20,1,,,,,
2011-08-21,1,,,,,
2011-08-22,,,1,,,
2011-08-23,1,,,,,
2011-08-24,1,,,,,
2011-08-25,1,,,,,
2011-08-26,,,1,,,
2011-08-27,,,1,,,
2011-08-28,1,,,,,
2011-08-29,,1,,,,
2011-08-30,,,1,,,
2011-08-31,,,1,,,
2011-09-01,,,1,,,
2011-09-02,,,1,,,
2011-09-03,,,1,,,
2011-09-04,,,1,,,
2011-09-05,,,1,,,
2011-09-06,,1,,,,
2011-09-07,,1,,,,
2011-09-08,,,1,,,
2011-09-09,1,,,,,
2011-09-10,,1,,,,
2011-09-11,,,1,,,
2011-09-12,,,1,,,
2011-09-13,1,,,,,
2011-09-14,,,1,,,
2011-09-15,1,,,,,
2011-09-16,,,1,,,
2011-09-17,,,1,,,
2011-09-18,,,,1,1500,
2011-09-19,,,1,,800,
2011-09-20,1,,,,,
2011-09-21,1,,,,,
2011-09-22,,1,,,,
2011-09-23,1,,,,,
2011-09-24,1,,,,,
2011-09-25,,1,,,,
2011-09-26,,1,,,,
2011-09-27,,1,,,,
2011-09-28,,,1,,,
2011-09-29,1,,,,,
2011-09-30,1,,,,,
2011-10-01,1,,,,,
2011-10-02,1,,,,,
2011-10-03,1,,,,,
2011-10-04,1,,,,,
2011-10-05,1,,,,,
2011-10-06,,1,,,,
2011-10-07,,,1,,1100-1700,
2011-10-08,,,1,,1000-1200,
2011-10-09,,,1,,1000-1200,
2011-10-10,,,1,,800 (for a short time - Bruneck),
2011-10-11,,1,,,,
2011-10-12,,1,,,,
2011-10-13,,,1,,> 2000,
2011-10-14,1,,,,,
2011-10-15,1,,,,,
2011-10-16,1,,,,,
2011-10-17,1,,,,,
2011-10-18,1,,,,,
2011-10-19,,,1,,,
2011-10-20,,,1,,1100-1400,
2011-10-21,1,,,,,
2011-10-22,1,,,,,
2011-10-23,1,,,,,
2011-10-24,,1,,,,
2011-10-25,,,,1,"1500, soon later 2200-2500",
2011-10-26,,,1,,2200-2500,
2011-10-27,,1,,,,
2011-10-28,1,,,,,
2011-10-29,1,,,,,
2011-10-30,1,,,,,
2011-10-31,1,,,,,
2011-11-01,1,,,,,
2011-11-02,,1,,,,
2011-11-03,,1,,,,
2011-11-04,,,1,,,
2011-11-05,,,1,,,
2011-11-06,,,1,,,
2011-11-07,,,1,,,
2011-11-08,,,1,,,
2011-11-09,,1,,,,
2011-11-10,1,,,,,
2011-11-11,,1,,,,
2011-11-12,1,,,,,
2011-11-13,1,,,,,
2011-11-14,1,,,,,
2011-11-15,1,,,,,
2011-11-16,1,,,,,
2011-11-17,1,,,,,
2011-11-18,1,,,,,
2011-11-19,1,,,,,
2011-11-20,1,,,,,
2011-11-21,1,,,,,
2011-11-22,1,,,,,
2011-11-23,1,,,,,
2011-11-24,1,,,,,
2011-11-25,1,,,,,
2011-11-26,1,,,,,
2011-11-27,1,,,,,
2011-11-28,1,,,,,
2011-11-29,1,,,,,
2011-11-30,1,,,,,
2011-12-01,1,,,,,
2011-12-02,,1,,,,
2011-12-03,,,1,,1700-1800,
2011-12-04,,1,,,,
2011-12-05,,,1,,1000m,
2011-12-06,,,1,,,
2011-12-07,,,1,,,
2011-12-08,,1,,,,
2011-12-09,,1,,,,
2011-12-10,,1,,,,
2011-12-11,,1,,,,
2011-12-12,,,1,,800m (Pustertal),
2011-12-13,,1,,,,
2011-12-14,,,1,,"morning low, afternoon higher",
2011-12-15,,,1,,,
2011-12-16,,,1,,,
2011-12-17,,,1,,,
2011-12-18,,1,,,,
2011-12-19,1,,,,,
2011-12-20,,,1,,,
2011-12-21,,,1,,,
2011-12-22,,,,1,800-1100m,
2011-12-23,,1,,,,
2011-12-24,,,1,,,
2011-12-25,,1,,,,
2011-12-26,,1,,,,
2011-12-27,1,,,,,
2011-12-28,1,,,,,
2011-12-29,,,1,,600-800m,
2011-12-30,,,1,,,
2011-12-31,,,1,,,
2012-01-01,,1,,,,
2012-01-02,,,1,,,
2012-01-03,,1,,,,
2012-01-04,,,1,,,
2012-01-05,,,,1,,
2012-01-06,,,1,,,
2012-01-07,,,1,,,
2012-01-08,,,1,,,
2012-01-09,,,1,,,
2012-01-10,1,,,,,
2012-01-11,1,,,,,
2012-01-12,,,1,,,
2012-01-13,,1,,,,
2012-01-14,1,,,,,
2012-01-15,1,,,,,
2012-01-16,,1,,,,
2012-01-17,1,,,,,
2012-01-18,,,1,,,
2012-01-19,,,1,,,
2012-01-20,,,1,,,
2012-01-21,,,1,,,
2012-01-22,,,1,,,
2012-01-23,,,1,,,
2012-01-24,,1,,,,
2012-01-25,,1,,,,
2012-01-26,,1,,,,
2012-01-27,,,1,,,
2012-01-28,,1,,,,
2012-01-29,,1,,,,
2012-01-30,,,1,,,
2012-01-31,,,1,,,
2012-02-01,,,1,,,
2012-02-02,,,1,,,
2012-02-03,1,,,,,
2012-02-04,,,1,,,
2012-02-05,,1,,,,
2012-02-06,,1,,,,
2012-02-07,,,1,,,
2012-02-08,,1,,,,
2012-02-09,,,1,,,
2012-02-10,,1,,,,
2012-02-11,,,1,,,
2012-02-12,,,1,,,
2012-02-13,,1,,,,
2012-02-14,,1,,,,
2012-02-15,,,1,,,
2012-02-16,,,1,,,
2012-02-17,,1,,,,
2012-02-18,,1,,,,
2012-02-19,,,1,,500-700m,
2012-02-20,,,1,,,
2012-02-21,1,,,,,
2012-02-22,1,,,,,
2012-02-23,,,1,,,
2012-02-24,,1,,,,
2012-02-25,,1,,,,
2012-02-26,,,1,,,
2012-02-27,1,,,,,
2012-02-28,,1,,,,
2012-02-29,,1,,,,
2012-03-01,1,,,,,
2012-03-02,1,,,,,
2012-03-03,,1,,,,
2012-03-04,,,1,,,
2012-03-05,,,,1,700-1200m,
2012-03-06,,1,,,,
2012-03-07,,1,,,,
2012-03-08,,,1,,,
2012-03-09,,1,,,,
2012-03-10,,1,,,,
2012-03-11,,1,,,,
2012-03-12,,1,,,,
2012-03-13,,1,,,,
2012-03-14,1,,,,,
2012-03-15,1,,,,,
2012-03-16,1,,,,,
2012-03-17,,1,,,,
2012-03-18,,,1,,,
2012-03-19,,,1,,1100-1500m,
2012-03-20,,1,,,,
2012-03-21,,1,,,,
2012-03-22,1,,,,,
2012-03-23,1,,,,,
2012-03-24,,,1,,,
2012-03-25,,1,,,,
2012-03-26,1,,,,,
2012-03-27,1,,,,,
2012-03-28,1,,,,,
2012-03-29,,1,,,,
2012-03-30,,,1,,,
2012-03-31,,1,,,,
2012-04-01,,1,,,,
2012-04-02,,1,,,,
2012-04-03,,,1,,,
2012-04-04,,,1,,,
2012-04-05,,,1,,,
2012-04-06,,,1,,,
2012-04-07,,,,1,,
2012-04-08,,,1,,,
2012-04-09,,1,,,,
2012-04-10,,,1,,,
2012-04-11,,,,1,800-1200m,
2012-04-12,,1,,,,
2012-04-13,,,1,,1400-1700m,
2012-04-14,,,1,,,
2012-04-15,,,,1,,
2012-04-16,,,1,,,
2012-04-17,1,,,,,
2012-04-18,,,1,,,
2012-04-19,,,1,,,
2012-04-20,,,1,,1400m,
2012-04-21,,1,,,,
2012-04-22,,,,1,1300m (with high intensity 700m),
2012-04-23,,,1,,,
2012-04-24,,,1,,partly 800m,
2012-04-25,,,1,,,
2012-04-26,,1,,,,
2012-04-27,,1,,,,
2012-04-28,1,,,,,
2012-04-29,,,1,,,
2012-04-30,,,1,,,
2012-05-01,,,1,,,
2012-05-02,,1,,,,
2012-05-03,,,1,,,
2012-05-04,,,1,,,
2012-05-05,,,1,,,
2012-05-06,,,1,,,
2012-05-07,,1,,,,
2012-05-08,,1,,,,
2012-05-09,,,1,,,
2012-05-10,1,,,,,
2012-05-11,1,,,,,
2012-05-12,,,1,,,
2012-05-13,,1,,,,
2012-05-14,1,,,,,
2012-05-15,,1,,,,
2012-05-16,,,1,,1000-1200m,
2012-05-17,1,,,,,
2012-05-18,,1,,,,
2012-05-19,,1,,,,
2012-05-20,,,1,,,
2012-05-21,,,1,,,
2012-05-22,,,1,,,
2012-05-23,,,1,,,
2012-05-24,,,1,,,
2012-05-25,,,1,,,
2012-05-26,,1,,,,
2012-05-27,,1,,,,
2012-05-28,,1,,,,
2012-05-29,,,1,,,
2012-05-30,,,1,,,
2012-05-31,,,1,,,
2012-06-01,,,1,,,
2012-06-02,,1,,,,
2012-06-03,,,1,,,
2012-06-04,,,1,,<2000m,
2012-06-05,1,,,,,
2012-06-06,,,1,,,
2012-06-07,,1,,,,
2012-06-08,,,1,,,
2012-06-09,,,1,,,
2012-06-10,,,,1,,
2012-06-11,,,,1,,
2012-06-12,,,,1,,
2012-06-13,,1,,,,
2012-06-14,,1,,,,
2012-06-15,1,,,,,
2012-06-16,1,,,,,
2012-06-17,1,,,,,
2012-06-18,,,1,,,
2012-06-19,,,1,,,
2012-06-20,,,1,,,
2012-06-21,,,1,,,
2012-06-22,,,1,,,
2012-06-23,,,1,,,
2012-06-24,,,1,,,
2012-06-25,,,1,,,
2012-06-26,,,1,,,
2012-06-27,,1,,,,
2012-06-28,,1,,,,
2012-06-29,,,1,,,
2012-06-30,1,,,,,
2012-07-01,1,,,,,
2012-07-02,,,1,,,
2012-07-03,,,1,,,
2012-07-04,,,1,,,
2012-07-05,,,1,,,
2012-07-06,,,1,,,
2012-07-07,,1,,,,
2012-07-08,,,1,,,
2012-07-09,,,1,,,
2012-07-10,,,1,,,
2012-07-11,,,1,,,
2012-07-12,,,1,,,
2012-07-13,,,1,,,
2012-07-14,,,1,,,
2012-07-15,,,1,,,
2012-07-16,,1,,,,
2012-07-17,,1,,,,
2012-07-18,1,,,,,
2012-07-19,,,1,,,
2012-07-20,,,1,,,
2012-07-21,,,1,,,
2012-07-22,,,1,,,
2012-07-23,1,,,,,
2012-07-24,,,1,,,
2012-07-25,,,1,,,
2012-07-26,1,,,,,
2012-07-27,,,1,,,
2012-07-28,,,1,,,
2012-07-29,,,1,,,
2012-07-30,,,1,,,
2012-07-31,,,1,,,
2012-08-01,,,1,,,
2012-08-02,,,1,,,
2012-08-03,,,1,,,
2012-08-04,,,1,,,
2012-08-05,,,1,,,
2012-08-06,,,1,,,
2012-08-07,1,,,,,
2012-08-08,1,,,,,
2012-08-09,,,1,,,
2012-08-10,,,1,,,
2012-08-11,1,,,,,
2012-08-12,,,1,,,
2012-08-13,,,1,,,
2012-08-14,,,1,,,
2012-08-15,,1,,,,
2012-08-16,,,1,,,
2012-08-17,1,,,,,
2012-08-18,1,,,,,
2012-08-19,1,,,,,
2012-08-20,,,1,,,
2012-08-21,,,1,,,
2012-08-22,,,1,,,
2012-08-23,,,1,,,
2012-08-24,,,1,,,
2012-08-25,,,1,,,
2012-08-26,,,1,,,
2012-08-27,1,,,,,
2012-08-28,,1,,,,
2012-08-29,1,,,,,
2012-08-30,,,1,,,
2012-08-31,,,,1,2000m,
2012-09-01,,,,1,,
2012-09-02,,1,,,,
2012-09-03,,,1,,,
2012-09-04,,,1,,,
2012-09-05,,,1,,,
2012-09-06,,1,,,,
2012-09-07,1,,,,,
2012-09-08,1,,,,,
2012-09-09,,1,,,,
2012-09-10,,,1,,,
2012-09-11,,,1,,,
2012-09-12,,,,1,,
2012-09-13,,,1,,,
2012-09-14,1,,,,,
2012-09-15,1,,,,,
2012-09-16,,1,,,,
2012-09-17,,1,,,,
2012-09-18,,1,,,,
2012-09-19,,,1,,,
2012-09-20,1,,,,,
2012-09-21,,1,,,,
2012-09-22,,,1,,,
2012-09-23,,1,,,,
2012-09-24,,,,1,,
2012-09-25,,,1,,,
2012-09-26,,,1,,,
2012-09-27,,,1,,,
2012-09-28,,1,,,,
2012-09-29,,,1,,,
2012-09-30,,,1,,,
2012-10-01,,,1,,,
2012-10-02,,,1,,,
2012-10-03,,1,,,,
2012-10-04,,,1,,,
2012-10-05,,1,,,,
2012-10-06,,1,,,,
2012-10-07,,,1,,,
2012-10-08,,1,,,,
2012-10-09,,,1,,,
2012-10-10,,,1,,,
2012-10-11,,1,,,,
2012-10-12,,,1,,,
2012-10-13,,,1,,,
2012-10-14,,,1,,,
2012-10-15,,,,1,1200-800m,
2012-10-16,,,1,,,
2012-10-17,,1,,,,
2012-10-18,,1,,,,
2012-10-19,1,,,,,
2012-10-20,1,,,,,
2012-10-21,1,,,,,
2012-10-22,1,,,,,
2012-10-23,1,,,,,
2012-10-24,1,,,,,
2012-10-25,1,,,,,
2012-10-26,,,1,,,
2012-10-27,,,1,,,
2012-10-28,,,,1,400-500m,
2012-10-29,,,1,,,
2012-10-30,,1,,,,
2012-10-31,,,1,,1100-1500m,
2012-11-01,,,1,,,
2012-11-02,,,1,,,
2012-11-03,,1,,,,
2012-11-04,,,1,,2500m,
2012-11-05,,,1,,1800-1400,
2012-11-06,,1,,,,
2012-11-07,,1,,,,
2012-11-08,1,,,,,
2012-11-09,1,,,,,
2012-11-10,,,1,,,
2012-11-11,,,,1,900-2400m,
2012-11-12,,,1,,,
2012-11-13,,1,,,,
2012-11-14,1,,,,,
2012-11-15,1,,,,,
2012-11-16,1,,,,,
2012-11-17,1,,,,,
2012-11-18,,1,,,,
2012-11-19,,,1,,,
2012-11-20,1,,,,,
2012-11-21,1,,,,,
2012-11-22,,,1,,1800m,
2012-11-23,,1,,,,
2012-11-24,,1,,,,
2012-11-25,,1,,,,
2012-11-26,,,1,,,
2012-11-27,,,1,,,
2012-11-28,,,,1,1800-900m,
2012-11-29,,,1,,1000,
2012-11-30,,1,,,,
2012-12-01,,,1,,,
2012-12-02,,,1,,,
2012-12-03,,,1,,,
2012-12-04,,,1,,,
2012-12-05,,,1,,,
2012-12-06,,,1,,,
2012-12-07,,,1,,,
2012-12-08,,1,,,,
2012-12-09,,,1,,,
2012-12-10,,,1,,,
2012-12-11,,,1,,,
2012-12-12,1,,,,,
2012-12-13,,1,,,,
2012-12-14,,,1,,,
2012-12-15,,,1,,,
2012-12-16,1,,,,,
2012-12-17,,1,,,,
2012-12-18,,,1,,,
2012-12-19,,1,,,,
2012-12-20,,,1,,,
2012-12-21,,,1,,,
2012-12-22,,,1,,,
2012-12-23,,,1,,,
2012-12-24,1,,,,,
2012-12-25,,,1,,1500m,
2012-12-26,,,1,,1200-2000m,
2012-12-27,,,1,,,
2012-12-28,,1,,,,
2012-12-29,1,,,,,
2012-12-30,1,,,,,
2012-12-31,1,,,,,
2013-01-01,1,,,,,
2013-01-02,,,,1,200 m,Until the valley: Very little in Venosta
2013-01-03,,1,,,,Very warm day
2013-01-04,,,1,,,Very warm; Foehn; Weak snow close to the divide
2013-01-05,,,,,1400-1800 m,Foehn; Weak snow close to the divide
2013-01-06,1,,,,,
2013-01-07,1,,,,,
2013-01-08,1,,,,,
2013-01-09,1,,,,,
2013-01-10,,,1,,,Weak snow close to the divide
2013-01-11,,,1,,,Foehn; Weak snow close to the divide
2013-01-12,1,,,,,
2013-01-13,,,1,,,Very weak snow; No in Venosta
2013-01-14,,,,1,400 m,Snow; No in Venosta
2013-01-15,,,,1,300 m,Diffuse snow
2013-01-16,,,1,,,Weak snow
2013-01-17,,,,1,,Weak snow close to the divide
2013-01-18,1,,,,,
2013-01-19,,,1,,,
2013-01-20,,,,1,200-1800 m,Diffuse snow
2013-01-21,,,1,,1200 m,
2013-01-22,,1,,,,
2013-01-23,1,,,,,
2013-01-24,1,,,,,
2013-01-25,1,,,,,
2013-01-26,1,,,,,
2013-01-27,,1,,,,
2013-01-28,,,1,,,Very weak snow
2013-01-29,,,1,,,Weak snow close to the divide
2013-01-30,,,1,,,Weak snow close to the divide
2013-01-31,,1,,,,
2013-02-01,,1,,,,
2013-02-02,,,,1,500 m,Diffuse snow
2013-02-03,1,,,,,
2013-02-04,,,,1,,Snow only close to the divide
2013-02-05,,,,1,,Weak snow
2013-02-06,,1,,,,
2013-02-07,,,1,,,Weak snow close to the divide
2013-02-08,,,1,,,
2013-02-09,,,1,,,
2013-02-10,1,,,,,
2013-02-11,,,,1,,Weak snow in south part
2013-02-12,,,,1,,Diffuse snow
2013-02-13,,1,,,,
2013-02-14,1,,,,,
2013-02-15,1,,,,,
2013-02-16,,,1,,,
2013-02-17,,,1,,,
2013-02-18,1,,,,,
2013-02-19,,,1,,,Weak snow close to the divide
2013-02-20,,,1,,,Weak snow close to the divide
2013-02-21,,,,1,200-400 m,Weak snow in south part
2013-02-22,1,,,,,
2013-02-23,,1,,,,
2013-02-24,,,,1,200-500 m,Diffuse snow mostly in the south
2013-02-25,,,1,,,
2013-02-26,,,1,,,Waek snow in the east
2013-02-27,,1,,,,
2013-02-28,,1,,,,
2013-03-01,1,,,,,
2013-03-02,1,,,,,
2013-03-03,1,,,,,
2013-03-04,1,,,,,
2013-03-05,1,,,,,
2013-03-06,,,,1,1000 m,Little snow in Venosta
2013-03-07,,,,1,1500 m,Diffuse 
2013-03-08,,,1,,,
2013-03-09,,,,1,,Mostiy rain
2013-03-10,,,1,,,Some rain shower
2013-03-11,,,1,,,Some rain shower
2013-03-12,,,1,,,Some rain shower
2013-03-13,,,,1,,Diffuse
2013-03-14,,,1,,,Foehn; very weak snow close boundary
2013-03-15,,,1,,,Some snow shower
2013-03-16,1,,,,,
2013-03-17,,,1,,500 m,More in south
2013-03-18,,,,1,200 m,Diffuse; more in south
2013-03-19,1,,,,,
2013-03-20,,,1,,800 m,Prec in evening
2013-03-21,,1,,,,
2013-03-22,1,,,,,
2013-03-23,1,,,,,
2013-03-24,,,,1,800-1300 m,
2013-03-25,,,1,,,
2013-03-26,,,,1,500-900 m,Weak prec.
2013-03-27,,1,,,,
2013-03-28,,,,1,400-800 m,Prec from south
2013-03-29,,,1,,1200 m,Weak prec
2013-03-30,,,,1,1400-800 m,"Diffuse, more in Dolomites"
2013-03-31,,,1,,,
2013-04-01,1,,,,,
2013-04-02,1,,,,,
2013-04-03,1,,,,,
2013-04-04,,1,,,,
2013-04-05,,,1,,1200-1600 m,Local prec
2013-04-06,,1,,,,
2013-04-07,,1,,,,
2013-04-08,,,1,,1200 m,Weak rain
2013-04-09,,,1,,1300 m,Some showers
2013-04-10,1,,,,,
2013-04-11,,,1,,1800 m,
2013-04-12,,,1,,,Local Thunderstorms
2013-04-13,1,,,,,
2013-04-14,1,,,,,
2013-04-15,1,,,,,
2013-04-16,,1,,,,
2013-04-17,,1,,,,
2013-04-18,,1,,,,
2013-04-19,,,,1,,Diffuse Thunderstorms
2013-04-20,,,,1,1200-2000 m,Prec moslty south
2013-04-21,,,1,,,
2013-04-22,,,1,,,
2013-04-23,,1,,,,
2013-04-24,1,,,,,
2013-04-25,1,,,,,
2013-04-26,,1,,,,
2013-04-27,,,,1,,Diffuse rain
2013-04-28,,,1,,,
2013-04-29,,,,1,,Diffuse rain
2013-04-30,,,1,,,
2013-05-01,,,,1,,Thunderstorms
2013-05-02,,,,1,,Thunderstorms
2013-05-03,,,1,,,Local Thunderstorms
2013-05-04,,,1,,,Local Thunderstorms
2013-05-05,,,1,,,Some rain showers
2013-05-06,,,,1,,
2013-05-07,,,1,,,Some rain showers
2013-05-08,,,1,,,Some rain showers
2013-05-09,1,,,,,
2013-05-10,,,,1,2300-2500 m,
2013-05-11,,,1,,,Some rain showers
2013-05-12,,,1,,,Some rain showers
2013-05-13,,1,,,,
2013-05-14,,,1,,,
2013-05-15,,,1,,,Some rain showers
2013-05-16,,,,1,,Diffuse rain
2013-05-17,,,,1,,Diffuse rain
2013-05-18,,,1,,,
2013-05-19,,,,1,,Diffuse rain
2013-05-20,,,1,,,Some rain showers
2013-05-21,,,1,,,
2013-05-22,,,1,,,Some rain showers
2013-05-23,,,1,,,Local Thunderstorms
2013-05-24,,,,1,1000-700 m,"Little prec in Venosta, lot in Dolomites"
2013-05-25,,,1,,1600 m,Some rain showers
2013-05-26,,,1,,,
2013-05-27,,1,,,,
2013-05-28,,,1,,,
2013-05-29,,,,1,2000-1700 m,Diffuse rain
2013-05-30,,,1,,,
2013-05-31,,,,1,,Rain close to the divide
2013-06-01,,,,1,,Strong showers at north
2013-06-02,,,,1,,Diffuse rain close to divide
2013-06-03,,,1,,,Local showers
2013-06-04,,,1,,,Local showers
2013-06-05,,,1,,,Local showers
2013-06-06,,,1,,,Local showers
2013-06-07,,,1,,,Local showers
2013-06-08,,,,1,,Diffuse showers
2013-06-09,,,,1,,Diffuse showers
2013-06-10,,,,1,,"Rain, cold"
2013-06-11,,,1,,,
2013-06-12,1,,,,,
2013-06-13,1,,,,,
2013-06-14,,,1,,,Diffuse showers
2013-06-15,,,1,,,Local showers
2013-06-16,,,1,,,Hot; Local showers
2013-06-17,,,1,,,Hot;Local thunderstorms
2013-06-18,,,,1,,Hot;Diffuse thunderstorms
2013-06-19,,,1,,,Hot;
2013-06-20,,,,1,,Hot; Diffuse thunderstorms wiith hail
2013-06-21,1,,,,,Hot;
2013-06-22,,,1,,,Local thunderstorms
2013-06-23,,,,1,,Diffuse thunderstorms
2013-06-24,,,,1,1300 m,Diffuse snow in mountain
2013-06-25,1,,,,,
2013-06-26,1,,,,,
2013-06-27,,,,1,1400 m,Local thunderstorms snow in mountain
2013-06-28,,,,1,,Weak rain
2013-06-29,,,1,,,Local thunderstorms
2013-06-30,1,,,,,
2013-07-01,1,,,,,
2013-07-02,,,1,,,Isolated thunderstorms
2013-07-03,,,1,,,Isolated thunderstorms
2013-07-04,1,,,,,
2013-07-05,,,1,,,Isolated thunderstorms
2013-07-06,,,1,,,Hot; Isolated thunderstorms
2013-07-07,,,1,,,Hot; Isolated thunderstorms
2013-07-08,,,,1,,Diffuse thunderstorms
2013-07-09,,,1,,,Isolated thunderstorms
2013-07-10,,,1,,,Isolated thunderstorms
2013-07-11,1,,,,,Hot
2013-07-12,,1,,,,
2013-07-13,,,1,,,Isolated thunderstorms
2013-07-14,1,,,,,
2013-07-15,1,,,,,
2013-07-16,1,,,,,
2013-07-17,,,1,,,Diffuse thunderstorms
2013-07-18,,,1,,,Local thunderstorms
2013-07-19,,,1,,,Isolated thunderstorms
2013-07-20,,,1,,,Isolated thunderstorms
2013-07-21,,,1,,,Local thunderstorms
2013-07-22,,,1,,,Local thunderstorms; hail
2013-07-23,,,,1,,Diffuse thunderstorms
2013-07-24,1,,,,,
2013-07-25,,,1,,,Local thunderstorms
2013-07-26,,,1,,,Local thunderstorms
2013-07-27,,,1,,,Hot; Local thunderstorms
2013-07-28,,1,,,,Hot;
2013-07-29,,,,1,,Diffuse thunderstorms
2013-07-30,1,,,,,
2013-07-31,,1,,,,
2013-08-01,1,,,,,
2013-08-02,1,,,,,
2013-08-03,,1,,,,Hot; Local thunderstorms
2013-08-04,,,1,,,Hot; Diffuse thunderstorms
2013-08-05,,1,,,,Hot; Isolated thunderstorms
2013-08-06,,1,,,,Very hot; Isolated thunderstorms
2013-08-07,,1,,,,Local showers
2013-08-08,,,1,,,Diffuse showers
2013-08-09,,,,1,,Diffuse rainfall
2013-08-10,,1,,,,
2013-08-11,1,,,,,
2013-08-12,,,1,,,Local thunderstorms
2013-08-13,,,,1,,Diffuse thunderstorms
2013-08-14,,,1,,,
2013-08-15,,1,,,,
2013-08-16,1,,,,,
2013-08-17,,1,,,,Isolated thunderstorms
2013-08-18,1,,,,,
2013-08-19,,,,1,,Diffuse thunderstorms
2013-08-20,1,,,,,
2013-08-21,1,,,,,
2013-08-22,1,,,,,
2013-08-23,,,1,,,Local thunderstorms
2013-08-24,,,,1,,Diffuse prec
2013-08-25,,,1,,,Diffuse showers
2013-08-26,,,,1,,Diffuse prec
2013-08-27,,,,1,,Diffuse thunderstorms
2013-08-28,,1,,,,
2013-08-29,,1,,,,
2013-08-30,,1,,,,
2013-08-31,,1,,,,
2013-09-01,,,1,,,Local showers
2013-09-02,,1,,,,
2013-09-03,1,,,,,
2013-09-04,1,,,,,
2013-09-05,1,,,,,
2013-09-06,,1,,,,Isolated thunderstorms
2013-09-07,,1,,,,
2013-09-08,,,,1,,Diffuse prec
2013-09-09,,,,1,,Diffuse prec
2013-09-10,,,,1,,Diffuse prec
2013-09-11,,1,,,,
2013-09-12,,,1,,,Local showers close to divide
2013-09-13,,,1,,,Local showers close to divide
2013-09-14,,1,,,,
2013-09-15,,,1,,,Local showers
2013-09-16,,,,1,1300 m,Diffuse thunderstorms
2013-09-17,,1,,,,
2013-09-18,,,1,,,Local showers close to divide
2013-09-19,,1,,,,
2013-09-20,1,,,,,
2013-09-21,1,,,,,
2013-09-22,,1,,,,
2013-09-23,1,,,,,
2013-09-24,1,,,,,
2013-09-25,,1,,,,
2013-09-26,,1,,,,Isolated showers
2013-09-27,,,1,,,Local showers
2013-09-28,,1,,,,
2013-09-29,,,,1,,Diffuse prec
2013-09-30,,,,1,,Weak prec
2013-10-01,,,1,,,Local showers
2013-10-02,,1,,,,
2013-10-03,,,1,,,Local showers
2013-10-04,,1,,,,
2013-10-05,,,1,,,Local showers
2013-10-06,,,1,,,Local showers
2013-10-07,,1,,,,
2013-10-08,,,1,,,Weak rain
2013-10-09,,,1,,,Local showers
2013-10-10,,,,1,2300>600,Intense rain
2013-10-11,,,1,,,
2013-10-12,,,,1,700-1000,Diffuse rain
2013-10-13,,1,,,,
2013-10-14,,1,,,,
2013-10-15,,,1,,,Local showers
2013-10-16,,1,,,,
2013-10-17,1,,,,,
2013-10-18,1,,,,,
2013-10-19,1,,,,,
2013-10-20,,1,,,,
2013-10-21,1,,,,,
2013-10-22,,1,,,,
2013-10-23,,,,1,2700,Diffuse rain
2013-10-24,,1,,,,
2013-10-25,1,,,,,
2013-10-26,1,,,,,
2013-10-27,,,1,,,Local showers
2013-10-28,,1,,,,
2013-10-29,,,,1,3000,Diffuse rain
2013-10-30,,,,1,2200>1700,Diffuse rain
2013-10-31,,1,,,,
2013-11-01,,1,,,,
2013-11-02,,1,,,,
2013-11-03,,,,1,,Thunderstroms
2013-11-04,,,1,,,Some showers
2013-11-05,1,,,,,
2013-11-06,,,,1,1500-1000,Diffuse rain
2013-11-07,,1,,,,
2013-11-08,,1,,,,
2013-11-09,,,,1,1400>1100,Diffuse rain
2013-11-10,,,1,,1000-1300,Some rain
2013-11-11,,,1,,,
2013-11-12,1,,,,,
2013-11-13,1,,,,,
2013-11-14,,,1,,1000,Rain evening
2013-11-15,,,,1,1300-1500,
2013-11-16,1,,,,,
2013-11-17,,1,,,,
2013-11-18,,1,,,,
2013-11-19,,,1,,1300-1600,Rain from south
2013-11-20,,,1,,1400,Some showers
2013-11-21,,,,1,1000,Diffuse rain
2013-11-22,,,1,,500-700,Some showers
2013-11-23,,,1,,,Some snow
2013-11-24,,,1,,,Some snow
2013-11-25,1,,,,,
2013-11-26,1,,,,,
2013-11-27,1,,,,,
2013-11-28,,1,,,,
2013-11-29,1,,,,,
2013-11-30,,,1,,600,Weak snow
2013-12-01,1,,,,,
2013-12-02,1,,,,,
2013-12-03,1,,,,,
2013-12-04,1,,,,,
2013-12-05,1,,,,,
2013-12-06,,,1,,,Some shower
2013-12-07,,1,,,,
2013-12-08,1,,,,,
2013-12-09,1,,,,,
2013-12-10,1,,,,,
2013-12-11,1,,,,,
2013-12-12,1,,,,,
2013-12-13,1,,,,,
2013-12-14,,,1,,,very weak snow
2013-12-15,1,,,,,
2013-12-16,1,,,,,
2013-12-17,1,,,,,
2013-12-18,,1,,,,
2013-12-19,,,1,,,very weak snow
2013-12-20,,1,,,,
2013-12-21,,1,,,,
2013-12-22,,1,,,,
2013-12-23,,1,,,,
2013-12-24,,,1,,1400,weak prec
2013-12-25,,,,1,1300>700,diffuse prec
2013-12-26,,,,1,,
2013-12-27,,1,,,,
2013-12-28,,,,1,1000-600,diffuse prec
2013-12-29,,,,1,,weak prec
2013-12-30,1,,,,,
2013-12-31,1,,,,,
2014-01-01,1,,,,,
2014-01-02,,,1,,,weak prec
2014-01-03,,1,,,,
2014-01-04,,,,1,200>1800,
2014-01-05,,,,1,700-1400,
2014-01-06,,1,,,,
2014-01-07,1,,,,,
2014-01-08,1,,,,,
2014-01-09,,1,,,,
2014-01-10,,1,,,,
2014-01-11,,1,,,,
2014-01-12,1,,,,,
2014-01-13,,1,,,,
2014-01-14,,,,1,200-400,Up 30 cm snow
2014-01-15,,1,,,,
2014-01-16,,,1,,,
2014-01-17,,,,1,200>1000,
2014-01-18,,,,1,1000-1300,
2014-01-19,,,,1,1100-1600,
2014-01-20,,1,,,,
2014-01-21,1,,,,,
2014-01-22,1,,,,,
2014-01-23,,1,,,,
2014-01-24,,,1,,,weak snow
2014-01-25,1,,,,,
2014-01-26,,,1,,,snow showers
2014-01-27,,,,1,200-800,weak snow
2014-01-28,,,1,,,
2014-01-29,,,1,,,
2014-01-30,,,,1,,
2014-01-31,,,,1,200-1200,
2014-02-01,,,,1,1300-1600,
2014-02-02,,,,1,1000-1500,
2014-02-03,,,,1,1000-1500,
2014-02-04,,,,1,1000-1500,
2014-02-05,,,1,,1000,
2014-02-06,1,,,,,
2014-02-07,,,,1,500-1000,
2014-02-08,,,,1,600-1000,
2014-02-09,,,,1,,
2014-02-10,,,,1,200-800,Diffuse prec
2014-02-11,,,1,,,
2014-02-12,1,,,,,
2014-02-13,,,1,,1000>200,
2014-02-14,,1,,,,
2014-02-15,1,,,,,
2014-02-16,,,,1,2000>600,
2014-02-17,,,,1,600-1000,
2014-02-18,,1,,,,
2014-02-19,,,,1,2000>800,Sahara rain
2014-02-20,1,,,,,
2014-02-21,,,,1,600-1000,
2014-02-22,,,1,,,
2014-02-23,1,,,,,
2014-02-24,1,,,,,
2014-02-25,,1,,,,
2014-02-26,,1,,,,
2014-02-27,,,1,,1000-1200,some showers
2014-02-28,,,1,,,
2014-03-01,,,,1,700-1200,"snow in the afternoon from S, most between Ortler and Dolomites"
2014-03-02,,1,,,,
2014-03-03,,,1,,,some rain and snow showers
2014-03-04,,,1,,,
2014-03-05,,,1,1,,some light snow in the N
2014-03-06,,,1,,,"mostly sunny, some clouds in the N"
2014-03-07,1,,,,,
2014-03-08,1,,,,,
2014-03-09,1,,,,,
2014-03-10,1,,,,,
2014-03-11,1,,,,,
2014-03-12,1,,,,,
2014-03-13,1,,,,,
2014-03-14,1,,,,,
2014-03-15,,,1,1,,some light snow in the N
2014-03-16,,,1,,,some clouds in the N
2014-03-17,1,,,,,
2014-03-18,1,,,,,
2014-03-19,1,,,,,
2014-03-20,1,,,,,
2014-03-21,1,,,,,
2014-03-22,,,,1,600-1000,rain and snow going down to 600-1000 m in the evening
2014-03-23,,,1,1,,some precipitation in the morning in the N
2014-03-24,,,1,1,700-1100,some rain/snow in the evening in the S and W
2014-03-25,,,1,1,,some rain/snow in the afternoon in the S
2014-03-26,,,1,,,
2014-03-27,1,,,,,
2014-03-28,1,,,,,
2014-03-29,1,,,,,
2014-03-30,1,,,,,
2014-03-31,1,,,,,
2014-04-01,1,,,,,
2014-04-02,1,,,,,
2014-04-03,,1,,,,
2014-04-04,1,,,,,
2014-04-05,,,1,1,,some rain in the NE
2014-04-06,,,1,1,,occasional rain showers in the afternoon
2014-04-07,1,,,,,
2014-04-08,,,1,1,,rain showers and thunderstorms in the afternoon
2014-04-09,,,1,,,"cloudy in the N, sunny in the rest"
2014-04-10,,,1,,,"cloudy in the N, sunny in the rest"
2014-04-11,1,,,,,
2014-04-12,,,1,1,,some rain showers
2014-04-13,,,1,1,,some rain showers in the morning in the N and Pustertal
2014-04-14,,,1,1,,sunny but clouds and snow in the N
2014-04-15,,,1,1,,sunny but clouds and snow in the N
2014-04-16,,,1,1,,sunny but clouds and snow in the N
2014-04-17,1,,,,,
2014-04-18,,,,1,,rain in the afternoon
2014-04-19,,,,1,800-1200,rain in the morning
2014-04-20,,,1,1,,"sun in the W, clouds in S and E, some local rain"
2014-04-21,,1,,1,,cloudy and some rain
2014-04-22,,,1,1,,short local rain showers in the mountains
2014-04-23,,,1,1,,short local rain showers in the mountains
2014-04-24,,,1,,,some clouds no rain
2014-04-25,,,1,,,some clouds no rain
2014-04-26,,,,1,,local showers and thunderstorms in the afternoon
2014-04-27,,,,1,,frequent rain showers
2014-04-28,,,,1,,frequent rain showers
2014-04-29,,,1,1,,some rain showers in the afternoon
2014-04-30,,,,1,,cloudy with most rain in the W
2014-05-01,,,1,1,,local showers in the afternoon
2014-05-02,,,,1,,showers in the afternoon
2014-05-03,,,1,,,
2014-05-04,1,,,,,
2014-05-05,1,,,,,
2014-05-06,1,,,,,
2014-05-07,,1,,1,,showers in the afternoon
2014-05-08,1,,,,,
2014-05-09,,,1,,,hardly any rain
2014-05-10,,,1,1,,some showers in the afternoon
2014-05-11,,,,1,,
2014-05-12,,,,1,1100,snow and rain down to 1100 m in the evening/night
2014-05-13,,,1,1,,clouds and some showers in the afternoon
2014-05-14,,,,1,,clouds and some showers in the N
2014-05-15,,,,1,,clouds and some showers in the N
2014-05-16,,,,1,,clouds and some showers in the N
2014-05-17,,,1,,,mostly dry
2014-05-18,,,1,1,,some showers in the afternoon
2014-05-19,,1,,1,,some showers in the afternoon
2014-05-20,,,1,,,
2014-05-21,,,1,,,
2014-05-22,,,1,1,,some showers in the afternoon
2014-05-23,,1,,1,,showers
2014-05-24,1,,,,,
2014-05-25,1,,,,,
2014-05-26,,,,1,,wide-spread rain in the afternoon
2014-05-27,,,,1,,
2014-05-28,,,1,1,,local showers in the S in the evenings
2014-05-29,,,1,1,,local showers in the S in the evenings
2014-05-30,,,,1,,"showers in the morning in the N, in the afteroon in the S"
2014-05-31,,,1,1,,showers in the Dolomites in the afternoon
2014-06-01,,,1,1,,some showers in the afternoon
2014-06-02,,,1,1,,some showers in the afternoon
2014-06-03,,,1,1,,some showers in the afternoon
2014-06-04,,,1,1,,some showers in the afternoon
2014-06-05,1,,,,,
2014-06-06,1,,,,,
2014-06-07,,,1,,,some thunderstorms in Sarntal
2014-06-08,1,,,,,
2014-06-09,,,1,1,,"sunny morning, showers and thunderstorms in the afternoon and evening"
2014-06-10,,,1,1,,"sunny morning, showers and thunderstorms in the afternoon and evening"
2014-06-11,,,1,1,,"sunny morning, showers and thunderstorms in the afternoon and evening"
2014-06-12,,,1,1,,"sunny morning, showers and thunderstorms in the afternoon and evening"
2014-06-13,,,1,1,,"sunny morning, showers and thunderstorms in the afternoon and evening"
2014-06-14,,,1,1,,"sunny morning, showers and thunderstorms in the afternoon and evening"
2014-06-15,,,1,1,,"rain in the S in the morning, afterwards sun and local showers"
2014-06-16,,,1,1,,"sunny morning, showers and thunderstorms in the afternoon and evening"
2014-06-17,,,1,1,,"sunny morning, showers and thunderstorms in the afternoon and evening"
2014-06-18,,,1,1,,"sunny morning, showers and thunderstorms in the afternoon and evening"
2014-06-19,,,1,1,,"sunny morning, showers and thunderstorms in the afternoon and evening"
2014-06-20,,,1,1,,"sunny morning, showers and thunderstorms in the afternoon and evening"
2014-06-21,1,,,,,
2014-06-22,,,1,1,,"sunny morning, showers and thunderstorms in the afternoon and evening"
2014-06-23,,,1,1,,"sunny morning, showers and thunderstorms in the afternoon and evening"
2014-06-24,,,1,1,,"sunny morning, showers and thunderstorms in the afternoon and evening"
2014-06-25,,,1,1,,"sunny morning, showers and thunderstorms in the afternoon and evening"
2014-06-26,,,1,1,,"sunny morning, showers and thunderstorms in the afternoon and evening"
2014-06-27,,,1,1,,changeable and local showers
2014-06-28,,,1,1,,"cloudy and local showers, rather sunny in Vinschgau "
2014-06-29,,,,1,200-2500,rain and thunderstorms
2014-06-30,,,1,,,"clouds in NE in the morning, sunny and sry elsewhere"
2014-07-01,,1,,1,,showers in the evening
2014-07-02,,1,,1,,showers in the evening
2014-07-03,1,,,,,
2014-07-04,,,1,1,,"showers in the evening, Sahara dust"
2014-07-05,,,1,1,,
2014-07-06,,,1,1,,"sunny morning, showers and thunderstorms in the afternoon and evening"
2014-07-07,,,1,1,,
2014-07-08,,,,1,2000,
2014-07-09,,1,,1,,showers and thunderstorms in the afternoon and evening
2014-07-10,,,1,,,"cloudy in the E, otherwise sunny"
2014-07-11,,,1,1,,local showers
2014-07-12,,,1,1,,"sunny morning, showers and thunderstorms in the afternoon and evening"
2014-07-13,,,1,1,,"sunny morning, showers and thunderstorms in the afternoon and evening"
2014-07-14,,,1,1,,"changeable morning, showers and thunderstorms in the afternoon and evening"
2014-07-15,,,1,1,,"sunny morning, showers and thunderstorms in the afternoon and evening"
2014-07-16,,,1,1,,"sunny morning, showers in the afternoon in the mountains"
2014-07-17,,,1,1,,"sunny morning, showers and thunderstorms in the afternoon and evening"
2014-07-18,1,,,,,
2014-07-19,1,,,1,,some thunderstorms in upper Vinschgau in the evening
2014-07-20,1,,,1,,local thunderstorms in the afternoon
2014-07-21,,,,1,,
2014-07-22,,,1,1,,"rahter sunny morning, cloudy afternoon, local rain in the evening"
2014-07-23,,,1,1,,rain during the night
2014-07-24,,,,1,,
2014-07-25,,,1,1,,"sunny morning, showers and thunderstorms in the afternoon and evening"
2014-07-26,,1,,1,,rain starting in the morning in S and Vinschgau
2014-07-27,,,1,1,,"sunny morning, showers and thunderstorms in the afternoon and evening"
2014-07-28,,,1,1,,"sunny morning, showers and thunderstorms in the afternoon and evening"
2014-07-29,,,,1,,rain in the morning and evening
2014-07-30,,,,1,,rain in the morning and evening
2014-07-31,,,1,1,,"rain and clouds in the E, better in Vinschgau"
2014-08-01,,,1,1,,changeable withshowers and thunderstorms in the afternoon
2014-08-02,,,1,1,,changeable withshowers and thunderstorms in the afternoon
2014-08-03,,,1,1,,"rather sunny, thunderstorms strting at midday mostly in the Dolomites and E"
2014-08-04,,,1,1,,"sunny morning, heavy thunderstorms in the evening"
2014-08-05,,,1,1,,rather sunny in Vinschgau but showers in the afternoon
2014-08-06,1,,,,,
2014-08-07,,,1,1,,"changeable, with showers and thunderstorms starting in the late morning"
2014-08-08,1,,,,,
2014-08-09,,,1,1,,"sunny morning, heavy thunderstorms in the evening"
2014-08-10,,,1,,,"sunny, rather cloudy in Vinschgau"
2014-08-11,,,1,1,,in the N showers from the morning on
2014-08-12,,,,1,,showers in the morning and evening
2014-08-13,,,,1,,heavy rains in Vinschgau in the Morning
2014-08-14,,,1,1,,"rain in the morning, better in the afternoon"
2014-08-15,,,1,1,,"rain in the morning, better in the afternoon"
2014-08-16,,,1,1,,some local showers
2014-08-17,1,,,,,
2014-08-18,1,,,,,
2014-08-19,,,1,1,,rainy in the morning
2014-08-20,,,1,1,,"cloudy in the morning, showers and thunderstorms in the evening starting from N"
2014-08-21,1,,,1,,"rather sunny, thunderstorms in the evening"
2014-08-22,,,1,1,,changeable with showers in the afternoon/evening
2014-08-23,,,,1,,
2014-08-24,,,1,1,,some rain in the morning in the N
2014-08-25,,,1,1,,rain in the N in the afternoon
2014-08-26,,,,1,,cloudy and rain especially in the N
2014-08-27,,,1,1,,some rain in the N around midday
2014-08-28,1,,,,,
2014-08-29,1,,,1,,thunderstorms in the night
2014-08-30,,,1,1,,showers and thunderstorms
2014-08-31,,,,1,,heavy thunderstorms
2014-09-01,,,1,1,2000,rains mostly in the NE; sunnier in the S
2014-09-02,1,,,1,,"sunny, light rain during the night"
2014-09-03,,,1,1,,light rain in the morning
2014-09-04,,,1,1,,some local showers
2014-09-05,,,1,1,,sunny with showers and thunderstorms in the afternoon and evening
2014-09-06,,,1,1,,sunny with showers and thunderstorms in the afternoon and evening
2014-09-07,,,1,1,,sunny with showers and thunderstorms in the afternoon and evening
2014-09-08,,,1,1,,sunny with showers and thunderstorms in the afternoon and evening
2014-09-09,,,1,1,,sunny with showers and thunderstorms in the afternoon and evening
2014-09-10,,,1,1,,sunny with showers and thunderstorms in the afternoon and evening
2014-09-11,,,1,1,,sunny with showers in the afternoon and evening
2014-09-12,,,1,1,,sunny with showers in the afternoon and evening
2014-09-13,,,1,1,,"sunny in S and W, rain in the afternoon in N and Pustertal"
2014-09-14,1,,,,,
2014-09-15,,,1,1,,showers starting in the afternoon
2014-09-16,,,1,1,,showers and thunderstorms in the evening
2014-09-17,,,1,1,,"rainy in the morning, later rather sunny especially in Vinschgau"
2014-09-18,,,1,,,sunny to cloudy
2014-09-19,,1,,1,,rain in the afternoon and evening
2014-09-20,,,1,1,,local rain in the afternoon
2014-09-21,,,1,1,,"sunny morning, showers in the evening"
2014-09-22,,,1,1,,"sunny morning, showers in the evening"
2014-09-23,1,,,,,
2014-09-24,1,,,,,
2014-09-25,,,1,1,,some rain in the morning
2014-09-26,1,,,,,
2014-09-27,1,,,,,
2014-09-28,1,,,,,
2014-09-29,1,,,,,
2014-09-30,,,1,1,,"sunny, but showers in the W in the afternoon"
2014-10-01,,,,1,,
2014-10-02,1,,,,,
2014-10-03,1,,,,,
2014-10-04,1,,,,,
2014-10-05,,,1,1,,showers in the evening
2014-10-06,,,1,1,,some rain in the morning
2014-10-07,,,1,1,,light rain in the evening
2014-10-08,,,1,1,,"cloudy and light rain especially in the S, in the afternoon locally sunny"
2014-10-09,,,1,1,,showers in the afternoon
2014-10-10,,,1,1,,showers in the afternoon
2014-10-11,,,1,1,,showers in the afternoon
2014-10-12,,,1,1,,"local showers in the morning, later sunny"
2014-10-13,,,,1,,showers
2014-10-14,,,,1,,showers
2014-10-15,,,1,1,,some rain trops
2014-10-16,,1,,,,
2014-10-17,,,1,1,,some rain in the N in the morning
2014-10-18,1,,,,,
2014-10-19,1,,,,,
2014-10-20,1,,,,,
2014-10-21,,,,1,,rain in the morning (N) and the evening
2014-10-22,,,,1,800,
2014-10-23,,,,1,800-1000,
2014-10-24,1,,,,,
2014-10-25,,,1,1,,some rain in N and E in the evening
2014-10-26,1,,,,,
2014-10-27,1,,,,,
2014-10-28,1,,,,,
2014-10-29,1,,,,,
2014-10-30,1,,,,,
2014-10-31,1,,,,,
2014-11-01,1,,,,,
2014-11-02,1,,,,,
2014-11-03,1,,,1,,local rain during the night
2014-11-04,,1,,1,,especially in Ulten and Passeier
2014-11-05,,,,1,>2000,"especially strong in Südstaulagen, snow line decreases during the evening"
2014-11-06,,,,1,1100-2000,snow line lower in N
2014-11-07,,,1,1,,some rain in the morning (especially Vinschgau) and night (E )
2014-11-08,,,1,,,"rather sunny in Vischgau, some rain late in the S"
2014-11-09,,,1,,,rain mostly in the S in the morning
2014-11-10,,,,1,200-2300,"most in Ulten, Passeier, Dolomites, less in Vinschgau Ahrntal"
2014-11-11,,,1,,,
2014-11-12,,,1,,,local rain
2014-11-13,,,1,,,some rain in the night
2014-11-14,,1,,,,
2014-11-15,,,,1,1500,most rain in S
2014-11-16,,,1,,,local showers 
2014-11-17,,,,1,1000 (E)-1500 (W),
2014-11-18,,,1,,,"dry in Vinschgau, elsewhere rain"
2014-11-19,1,,,,,
2014-11-20,1,,,,,
2014-11-21,1,,,,,some clouds in the N
2014-11-22,1,,,,,
2014-11-23,1,,,,,
2014-11-24,1,,,,,
2014-11-25,1,,,,,
2014-11-26,,1,,,,some sun in Vinschgau
2014-11-27,,1,,,,
2014-11-28,,,1,,,"cloudy and light rain, especially in the S"
2014-11-29,1,,,,,sun in Vinschgau elsewhere foggy
2014-11-30,,,1,,1800-2300,rain starting in the afternoon from the S
2014-12-01,,,,1,2200 -1700 (1200 E),diffuse rain snow 
2014-12-02,,,1,,,
2014-12-03,,1,,,,
2014-12-04,,,,1,1600-1100,
2014-12-05,,1,,,,
2014-12-06,,1,,,,
2014-12-07,,1,,,,
2014-12-08,,,1,,700-1000,rain in the nighth
2014-12-09,,,1,,,
2014-12-10,,1,,,,
2014-12-11,1,,,,,
2014-12-12,1,,,,,
2014-12-13,,1,,,,
2014-12-14,,,1,,,
2014-12-15,,,1,,,
2014-12-16,,,,1,1300-1700,diffuse prec
2014-12-17,,,1,,,
2014-12-18,,,1,,2000,main divide
2014-12-19,1,,,,,
2014-12-20,1,,,,,north fooen
2014-12-21,1,,,,,
2014-12-22,,1,,,,
2014-12-23,1,,,,,
2014-12-24,1,,,,,
2014-12-25,,,1,,,weak snow main divide
2014-12-26,,,1,,,weak snow main divide
2014-12-27,,,,1,200,weak snow vally bottom
2014-12-28,,,1,,,
2014-12-29,,,1,,,
2014-12-30,,,,1,,weak snow main divide
2014-12-31,1,,,,,
2015-01-01,1,,,,,
2015-01-02,,,1,,,
2015-01-03,,,,1,1500,
2015-01-04,,,1,,,Fohn
2015-01-05,1,,,,,Fohn
2015-01-06,1,,,,,Fohn
2015-01-07,,1,,,,
2015-01-08,,1,,,,
2015-01-09,,,,1,1500-2300,"Wind during night, thunderstorm"
2015-01-10,,1,,,,Fohn
2015-01-11,,,,1,900,
2015-01-12,1,,,,,
2015-01-13,1,,,,,
2015-01-14,,,,1,800,
2015-01-15,,,1,,,
2015-01-16,,,,1,700-1500,
2015-01-17,,,,1,900-1600,
2015-01-18,,,1,,,
2015-01-19,,1,,,,
2015-01-20,,1,,,,
2015-01-21,,,1,,,
2015-01-22,,1,,,,
2015-01-23,,1,,,,
2015-01-24,1,,,,,
2015-01-25,,,1,,,
2015-01-26,,,1,,,
2015-01-27,,1,,,,
2015-01-28,,1,,,,
2015-01-29,,1,,,,
2015-01-30,,,,1,,
2015-01-31,,1,,,,
2015-02-01,1,,,,,
2015-02-02,,,1,,,
2015-02-03,1,,,,,
2015-02-04,,1,,,,
2015-02-05,,,,1,600,
2015-02-06,,,1,,,Wind
2015-02-07,,1,,,,"Fohn in Vinschgau, snow accumulation "
2015-02-08,,1,,,,
2015-02-09,,,1,,,
2015-02-10,,1,,,,
2015-02-11,1,,,,,
2015-02-12,1,,,,,
2015-02-13,1,,,,,
2015-02-14,,,,1,600-1000,
2015-02-15,,,,1,1000,
2015-02-16,,1,,,,
2015-02-17,1,,,,,
2015-02-18,1,,,,,
2015-02-19,1,,,,,
2015-02-20,,1,,,,
2015-02-21,,,,1,600-900,Precipitation start durning evening-night
2015-02-22,,,,1,700-1000,
2015-02-23,,1,,,,
2015-02-24,,,,1,800-1000,
2015-02-25,,1,,,,
2015-02-26,,1,,,,
2015-02-27,,,,1,,
2015-02-28,,1,,,,
2015-03-01,,,1,,,
2015-03-02,,,,1,700,
2015-03-03,1,,,,,
2015-03-04,,,1,,,
2015-03-05,,,1,,,
2015-03-06,,1,,,,
2015-03-07,,1,,,,Fohn
2015-03-08,1,,,,,
2015-03-09,,1,,,,
2015-03-10,,1,,,,Fohn
2015-03-11,,1,,,,
2015-03-12,,1,,,,
2015-03-13,1,,,,,
2015-03-14,,1,,,,
2015-03-15,,,1,,,
2015-03-16,,,,1,1200,
2015-03-17,,,1,,,
2015-03-18,1,,,,,
2015-03-19,1,,,,,Fohn
2015-03-20,,1,,,,
2015-03-21,,,,1,1100,
2015-03-22,,,,1,,Residual rain/snow during the mornign
2015-03-23,,1,,,,
2015-03-24,,,1,,,
2015-03-25,,,,1,1500,
2015-03-26,,,,1,,
2015-03-27,,,,1,,north wind
2015-03-28,,1,,,,
2015-03-29,,1,,,,
2015-03-30,,,,1,1400,
2015-03-31,,,1,,,north wind
2015-04-01,,,,1,800,fohn
2015-04-02,,,,1,,
2015-04-03,1,,,,,Fohn
2015-04-04,,,1,,,
2015-04-05,,,1,,,
2015-04-06,,1,,,,
2015-04-07,1,,,,,
2015-04-08,,1,,,,
2015-04-09,1,,,,,
2015-04-10,,1,,,,
2015-04-11,,,,1,,
2015-04-12,,1,,,,
2015-04-13,,1,,,,
2015-04-14,,1,,,,
2015-04-15,1,,,,,
2015-04-16,,1,,,,Sahara sand
2015-04-17,,,,1,,
2015-04-18,,,1,,,
2015-04-19,1,,,,,
2015-04-20,,1,,,,
2015-04-21,1,,,,,
2015-04-22,1,,,,,
2015-04-23,,,,1,,
2015-04-24,1,,,,,
2015-04-25,,,,1,,
2015-04-26,,,,1,,
2015-04-27,,,,1,,
2015-04-28,,,,1,,
2015-04-29,,1,,,,
2015-04-30,,,,1,1200-1600,
2015-05-01,,,,1,,
2015-05-02,,,,1,,
2015-05-03,,,1,,,
2015-05-04,,,,1,,
2015-05-05,,,1,,,
2015-05-06,,,,1,,hailstorm
2015-05-07,,1,,,,
2015-05-08,,,,1,,
2015-05-09,,,,1,,
2015-05-10,,1,,,,
2015-05-11,,1,,,,
2015-05-12,,1,,,,
2015-05-13,,,,1,,
2015-05-14,,,,1,,
2015-05-15,,,,1,2200-2600,20-45mm
2015-05-16,,,,1,,
2015-05-17,,,1,,,
2015-05-18,,1,,,,
2015-05-19,,,,1,,
2015-05-20,,,,1,1200-1600,
2015-05-21,,,,1,,
2015-05-22,,,,1,,
2015-05-23,,,,1,,
2015-05-24,,1,,,,
2015-05-25,,1,,,,
2015-05-26,,,,1,,
2015-05-27,,,1,,,
2015-05-28,,1,,,,
2015-05-29,,,,1,,
2015-05-30,,,,1,,
2015-05-31,,,,1,,
2015-06-01,,,,1,,
2015-06-02,,,1,,,
2015-06-03,,,1,,,
2015-06-04,,,,1,,
2015-06-05,,,,1,,
2015-06-06,,,,1,,
2015-06-07,,,,1,,
2015-06-08,,,,1,,
2015-06-09,,,,1,,
2015-06-10,,,,1,,
2015-06-11,,,,1,,
2015-06-12,,,,1,,
2015-06-13,,,,1,,
2015-06-14,,,,1,,
2015-06-15,,,,1,,
2015-06-16,,,,1,,
2015-06-17,,,1,,,
2015-06-18,,,1,,,
2015-06-19,,,,1,,
2015-06-20,,,,1,2000,
2015-06-21,,,1,,,
2015-06-22,,,1,,,
2015-06-23,,,,1,,
2015-06-24,1,,,,,
2015-06-25,,,1,,,
2015-06-26,,1,,,,
2015-06-27,,,,1,,
2015-06-28,1,,,,,
2015-06-29,,1,,,,
2015-06-30,1,,,,,
2015-07-01,1,,,,,
2015-07-02,,,,1,,
2015-07-03,,,,1,,halistorm
2015-07-04,,,1,,,
2015-07-05,,,,1,,
2015-07-06,,,1,,,
2015-07-07,,,,1,,
2015-07-08,,,,1,,
2015-07-09,,1,,,,
2015-07-10,1,,,,,
2015-07-11,1,,,,,
2015-07-12,,,1,,,
2015-07-13,,,,1,,
2015-07-14,,1,,,,
2015-07-15,,,1,,,
2015-07-16,,,,1,,
2015-07-17,,,,1,,
2015-07-18,,1,,,,
2015-07-19,,,1,,,
2015-07-20,,,1,,,
2015-07-21,,,1,,,
2015-07-22,,,,1,,
2015-07-23,,,1,,,
2015-07-24,,,,1,,
2015-07-25,,,,1,,
2015-07-26,,1,,,,
2015-07-27,,,1,,,
2015-07-28,,,1,,,
2015-07-29,,,,1,,
2015-07-30,,,1,,,
2015-07-31,,1,,,,
2015-08-01,,,,1,,
2015-08-02,,1,,,,
2015-08-03,1,,,,,
2015-08-04,,,1,,,
2015-08-05,1,,,,,
2015-08-06,1,,,,,
2015-08-07,,,,1,,
2015-08-08,,,1,,,Sunny in Vinschgau
2015-08-09,,,1,,,
2015-08-10,,,1,,,
2015-08-11,,1,,,,
2015-08-12,1,,,,,
2015-08-13,1,,,,,
2015-08-14,,,,1,,
2015-08-15,,,,1,,
2015-08-16,,,,1,,
2015-08-17,,,,1,,
2015-08-18,,,,1,,
2015-08-19,,,1,,,
2015-08-20,,,1,,,
2015-08-21,1,,,,,
2015-08-22,,1,,,,
2015-08-23,,,1,,,
2015-08-24,,,,1,,
2015-08-25,,,,1,,
2015-08-26,,1,,,,
2015-08-27,,1,,,,
2015-08-28,1,,,,,
2015-08-29,1,,,,,
2015-08-30,1,,,,,
2015-08-31,1,,,,,
2015-09-01,,,1,,,
2015-09-02,,,1,,,
2015-09-03,,,,1,,
2015-09-04,,,1,,,
2015-09-05,,,,1,2000-2500,Fohn
2015-09-06,,1,,,,Fohn
2015-09-07,1,,,,,Fohn
2015-09-08,1,,,,,
2015-09-09,,,1,,,
2015-09-10,,,,1,2100,
2015-09-11,,,1,,,
2015-09-12,,1,,,,
2015-09-13,,,,1,,
2015-09-14,,,,1,,
2015-09-15,,1,,,,
2015-09-16,,,,1,,
2015-09-17,,,,1,,
2015-09-18,,,,1,,
2015-09-19,,,1,,,
2015-09-20,,1,,,,
2015-09-21,1,,,,,
2015-09-22,,1,,,,
2015-09-23,,,,1,1600,
2015-09-24,,1,,,,Fohn
2015-09-25,1,,,,,
2015-09-26,,1,,,,
2015-09-27,,1,,,,
2015-09-28,1,,,,,
2015-09-29,,1,,,,
2015-09-30,,1,,,,
2015-10-01,1,,,,,
2015-10-02,,,,1,,
2015-10-03,,,,1,,
2015-10-04,,,,1,,
2015-10-05,,1,,,,
2015-10-06,,,,1,,
2015-10-07,,,,1,,Fohn
2015-10-08,,,1,,,
2015-10-09,,,,1,,
2015-10-10,,1,,,,
2015-10-11,,1,,,,
2015-10-12,,1,,,,
2015-10-13,,,,1,,
2015-10-14,,,,1,1300,
2015-10-15,,,,1,900,
2015-10-16,,,,1,1400-1600,
2015-10-17,,,,1,,
2015-10-18,,,,1,,
2015-10-19,,,1,,,
2015-10-20,1,,,,,Fohn
2015-10-21,1,,,,,Fohn
2015-10-22,,1,,,,
2015-10-23,1,,,,,
2015-10-24,1,,,,,
2015-10-25,,1,,,,
2015-10-26,1,,,,,
2015-10-27,,1,,,,
2015-10-28,,,,1,2000,
2015-10-29,,,,1,,Fohn
2015-10-30,1,,,,,
2015-10-31,1,,,,,
2015-11-01,1,,,,,
2015-11-02,1,,,,,
2015-11-03,,1,,,,
2015-11-04,,1,,,,
2015-11-05,1,,,,,
2015-11-06,,1,,,,
2015-11-07,,1,,,,
2015-11-08,1,,,,,
2015-11-09,1,,,,,"Fohn, Record temperatures"
2015-11-10,1,,,,,
2015-11-11,1,,,,,
2015-11-12,1,,,,,
2015-11-13,1,,,,,
2015-11-14,,1,,,,Fohn
2015-11-15,,1,,,,Fohn
2015-11-16,1,,,,,
2015-11-17,,1,,,,
2015-11-18,1,,,,,Fohn
2015-11-19,1,,,,,
2015-11-20,,,,1,1500-2000,
2015-11-21,,,,1,,
2015-11-22,,1,,,,Cold north wind
2015-11-23,,1,,,,
2015-11-24,1,,,,,
2015-11-25,,1,,,,
2015-11-26,,,1,,,Fohn
2015-11-27,1,,,,,
2015-11-28,,,1,,,
2015-11-29,,,1,,,
2015-11-30,1,,,,,
2015-12-01,,1,,,,Fohn
2015-12-02,1,,,,,
2015-12-03,1,,,,,
2015-12-04,,1,,,,
2015-12-05,,1,,,,
2015-12-06,1,,,,,
2015-12-07,1,,,,,
2015-12-08,,1,,,,
2015-12-09,,,1,,,
2015-12-10,1,,,,,
2015-12-11,1,,,,,
2015-12-12,1,,,,,
2015-12-13,,1,,,,
2015-12-14,,1,,,,
2015-12-15,,1,,,,
2015-12-16,,,,1,1600-1900,
2015-12-17,,,1,,,Ice on the ground
2015-12-18,,1,,,,
2015-12-19,,1,,,,
2015-12-20,1,,,,,
2015-12-21,,1,,,,
2015-12-22,,1,,,,
2015-12-23,1,,,,,
2015-12-24,,1,,,,
2015-12-25,1,,,,,
2015-12-26,1,,,,,
2015-12-27,1,,,,,
2015-12-28,1,,,,,
2015-12-29,1,,,,,
2015-12-30,1,,,,,
2015-12-31,,1,,,,
2016-01-01,1,,,,,
2016-01-02,,,,1,,Snow in Vinschgau
2016-01-03,,,1,,,
2016-01-04,,,,1,500,
2016-01-05,,,,1,,
2016-01-06,,1,,,,
2016-01-07,,,,1,,
2016-01-08,,1,,,,
2016-01-09,,,1,,600-1600,
2016-01-10,,,,1,1600-1900,From the evening
2016-01-11,,,,1,1500-1900,
2016-01-12,,,1,,,
2016-01-13,,,,1,,
2016-01-14,,1,,,,
2016-01-15,,,1,,,
2016-01-16,,,1,,,
2016-01-17,,,,1,,Snow
2016-01-18,1,,,,,
2016-01-19,,1,,,,
2016-01-20,,1,,,,
2016-01-21,,1,,,,Fohn in Vinschgau
2016-01-22,,1,,,,
2016-01-23,,,,1,,
2016-01-24,,1,,,,
2016-01-25,,1,,,,
2016-01-26,,1,,,,
2016-01-27,,1,,,,
2016-01-28,,1,,,,
2016-01-29,1,,,,,
2016-01-30,,1,,,,
2016-01-31,,,,1,2000,
2016-02-01,,1,,,,
2016-02-02,,1,,,,
2016-02-03,,,,1,1000-1500,
2016-02-04,,,,1,,
2016-02-05,,,1,,,
2016-02-06,,1,,,,
2016-02-07,,,,1,600-1600,
2016-02-08,,,1,,,
2016-02-09,,,,1,600-1500,
2016-02-10,,,1,,,Fohn
2016-02-11,1,,,,,
2016-02-12,,1,,,,
2016-02-13,,1,,,,
2016-02-14,,,,1,500,
2016-02-15,,,1,,,
2016-02-16,,,1,,,
2016-02-17,,,,1,600-1000,
2016-02-18,,1,,,,
2016-02-19,,,1,,,
2016-02-20,,,,1,700,
2016-02-21,,1,,,,
2016-02-22,,,,1,1600,
2016-02-23,,,,1,,
2016-02-24,,1,,,,
2016-02-25,,,1,,,
2016-02-26,,1,,,,
2016-02-27,,,,1,1200,
2016-02-28,,,,1,1000-1700,
2016-02-29,,,,1,1200-1600,
2016-03-01,,,1,,,
2016-03-02,,,,1,700-1100,
2016-03-03,,1,,,,
2016-03-04,,1,,,,
2016-03-05,,,,1,,snow valley bottom
2016-03-06,,,1,,,
2016-03-07,,1,,,,
2016-03-08,,1,,,,
2016-03-09,1,,,,,
2016-03-10,1,,,,,
2016-03-11,1,,,,,
2016-03-12,,1,,,,
2016-03-13,,1,,,,
2016-03-14,,1,,,,
2016-03-15,,,,1,600-1100,
2016-03-16,,,1,,,
2016-03-17,1,,,,,
2016-03-18,1,,,,,
2016-03-19,1,,,,,
2016-03-20,1,,,,,
2016-03-21,,1,,,,
2016-03-22,1,,,,,
2016-03-23,,1,,,,
2016-03-24,1,,,,,
2016-03-25,,1,,,,
2016-03-26,,1,,,,
2016-03-27,,,1,,,
2016-03-28,,1,,,,
2016-03-29,,1,,,,
2016-03-30,,1,,,,
2016-03-31,,,,1,,
2016-04-01,,1,,,,Sahara sand
2016-04-02,,1,,,,Sahara sand
2016-04-03,,1,,,,
2016-04-04,,,1,,,
2016-04-05,,1,,,,
2016-04-06,,,1,,,
2016-04-07,,,,1,,
2016-04-08,,,,1,1100-1500,
2016-04-09,,,,1,1100-1500,
2016-04-10,,1,,,,
2016-04-11,,1,,,,
2016-04-12,,1,,,,
2016-04-13,,,,1,,Rain during the night
2016-04-14,,1,,,,
2016-04-15,,1,,,,
2016-04-16,,1,,,,Strong wind
2016-04-17,,,,1,1200,
2016-04-18,,,,1,1200,
2016-04-19,,1,,,,Fohn
2016-04-20,1,,,,,Fohn
2016-04-21,,1,,,,
2016-04-22,,,1,,,
2016-04-23,,,,1,,
2016-04-24,,,1,,,Fohn
2016-04-25,,,1,,,
2016-04-26,,,,1,,
2016-04-27,,,,1,500-700,
2016-04-28,,,1,,,
2016-04-29,,1,,,,
2016-04-30,,1,,,,
2016-05-01,,,,1,1500-1900,
2016-05-02,,,1,,,
2016-05-03,,,1,,,
2016-05-04,,1,,,,
2016-05-05,,1,,,,
2016-05-06,,,1,,,
2016-05-07,,1,,,,
2016-05-08,,,1,,,
2016-05-09,,,1,,,
2016-05-10,,,,1,,
2016-05-11,,,,1,,
2016-05-12,,,,1,,
2016-05-13,,,1,,,
2016-05-14,,,1,,,
2016-05-15,,1,,,,
2016-05-16,,,1,,,
2016-05-17,,1,,,,
2016-05-18,,1,,,,
2016-05-19,,,,1,2000,
2016-05-20,1,,,,,
2016-05-21,1,,,,,
2016-05-22,,1,,,,
2016-05-23,,,,1,1300,
2016-05-24,,1,,,,
2016-05-25,1,,,,,
2016-05-26,,1,,,,
2016-05-27,,1,,,,
2016-05-28,,1,,,,
2016-05-29,,,,1,,
2016-05-30,,,,1,,
2016-05-31,,,,1,,
2016-06-01,,,1,,,
2016-06-02,,,,1,,
2016-06-03,,,1,,,
2016-06-04,,,1,,,
2016-06-05,,,1,,,
2016-06-06,,,1,,,
2016-06-07,,,1,,,
2016-06-08,,,,1,,
2016-06-09,,,1,,,
2016-06-10,,1,,,,
2016-06-11,,,,1,,
2016-06-12,,,1,,,
2016-06-13,,,1,,,
2016-06-14,,,,1,,
2016-06-15,,,,1,,
2016-06-16,,,,1,,
2016-06-17,,,,1,,
2016-06-18,,,,1,,
2016-06-19,,,1,,,
2016-06-20,1,,,,,
2016-06-21,,,,1,,
2016-06-22,1,,,,,
2016-06-23,1,,,,,
2016-06-24,,,1,,,
2016-06-25,,,,1,,
2016-06-26,,,1,,,
2016-06-27,,1,,,,
2016-06-28,1,,,,,
2016-06-29,1,,,,,
2016-06-30,,,1,,,
2016-07-01,,,1,,,
2016-07-02,,,,1,,
2016-07-03,,,1,,,
2016-07-04,1,,,,,
2016-07-05,,,,1,,
2016-07-06,1,,,,,
2016-07-07,1,,,,,
2016-07-08,,,1,,,
2016-07-09,,1,,,,
2016-07-10,,,,1,,
2016-07-11,,,,1,,
2016-07-12,,,,1,,
2016-07-13,,,,1,,Fohn
2016-07-14,,1,,,,Fohn
2016-07-15,1,,,,,Fohn
2016-07-16,1,,,,,
2016-07-17,1,,,,,
2016-07-18,,,1,,,
2016-07-19,1,,,,,
2016-07-20,,1,,,,
2016-07-21,,,,1,,
2016-07-22,,,,1,,
2016-07-23,,,,1,,
2016-07-24,,,1,,,
2016-07-25,,,,1,,
2016-07-26,,,,1,,
2016-07-27,,,,1,,
2016-07-28,,,,1,,
2016-07-29,1,,,,,
2016-07-30,,,,1,,Strong wind
2016-07-31,,,,1,,
2016-08-01,,,1,,,
2016-08-02,,1,,,,
2016-08-03,,1,,,,
2016-08-04,,,,1,,From evening
2016-08-05,,,,1,,20-50mm
2016-08-06,,1,,,,
2016-08-07,1,,,,,
2016-08-08,1,,,,,
2016-08-09,,,1,,,
2016-08-10,,,,1,,Fohn
2016-08-11,,1,,,,
2016-08-12,,,1,,,
2016-08-13,1,,,,,
2016-08-14,,,,1,,During the night
2016-08-15,,,,1,,
2016-08-16,,,,1,,
2016-08-17,,,1,,,
2016-08-18,,,1,,,
2016-08-19,,,1,,,
2016-08-20,,,,1,,
2016-08-21,,1,,,,
2016-08-22,1,,,,,
2016-08-23,1,,,,,
2016-08-24,1,,,,,
2016-08-25,1,,,,,
2016-08-26,1,,,,,
2016-08-27,1,,,,,
2016-08-28,,,,1,,
2016-08-29,,,,1,,
2016-08-30,,,1,,,
2016-08-31,,,1,,,
2016-09-01,1,,,,,
2016-09-02,1,,,,,
2016-09-03,1,,,,,
2016-09-04,,,,1,,
2016-09-05,,,,1,,Weak snow on the summits
2016-09-06,,1,,,,Fohn
2016-09-07,1,,,,,
2016-09-08,,1,,,,
2016-09-09,,,1,,,
2016-09-10,,,,1,,
2016-09-11,,,,1,,
2016-09-12,,,1,,,
2016-09-13,,1,,,,
2016-09-14,,1,,,,
2016-09-15,,,1,,,
2016-09-16,,,,1,,
2016-09-17,,,,1,,
2016-09-18,,,,1,,
2016-09-19,,,1,,,Fohn
2016-09-20,,,1,,,
2016-09-21,,,1,,,
2016-09-22,1,,,,,
2016-09-23,,,1,,,
2016-09-24,,1,,,,
2016-09-25,1,,,,,
2016-09-26,1,,,,,
2016-09-27,,,,1,,
2016-09-28,1,,,,,
2016-09-29,1,,,,,
2016-09-30,,1,,,,
2016-10-01,,1,,,,
2016-10-02,,,,1,2000,
2016-10-03,1,,,,,
2016-10-04,1,,,,,
2016-10-05,1,,,,,
2016-10-06,1,,,,,
2016-10-07,1,,,,,
2016-10-08,,,,1,1800,From the evening
2016-10-09,,,,1,1200,
2016-10-10,,,1,,,
2016-10-11,,,1,,,
2016-10-12,1,,,,,
2016-10-13,,,1,,,
2016-10-14,,,,1,,10-50mm
2016-10-15,,,1,,,
2016-10-16,1,,,,,
2016-10-17,,,1,,,
2016-10-18,,,1,,,
2016-10-19,,,,1,1300,
2016-10-20,,,,1,1300,
2016-10-21,,,1,,,
2016-10-22,1,,,,,
2016-10-23,,,1,,,
2016-10-24,,,1,,,
2016-10-25,,,,1,,
2016-10-26,,,1,,,
2016-10-27,1,,,,,
2016-10-28,1,,,,,
2016-10-29,1,,,,,
2016-10-30,1,,,,,
2016-10-31,1,,,,,
2016-11-01,,,,,,
2016-11-02,,,,,,
2016-11-03,,,,,,
2016-11-04,,,,,,
2016-11-05,,,,,,
2016-11-06,,,,,,
2016-11-07,,,,,,
2016-11-08,,,,,,
2016-11-09,,,,,,
2016-11-10,,,,,,
2016-11-11,,,,,,
2016-11-12,,,,,,
2016-11-13,,,,,,
2016-11-14,,,,,,
2016-11-15,,,,,,
2016-11-16,,,,,,
2016-11-17,,,,,,
2016-11-18,,,,,,
2016-11-19,,,,,,
2016-11-20,,,,,,
2016-11-21,,,,,,
2016-11-22,,,,,,
2016-11-23,,,,,,
2016-11-24,,,,,,
2016-11-25,,,,,,
2016-11-26,,,,,,
2016-11-27,,,,,,
2016-11-28,,,,,,
2016-11-29,,,,,,
2016-11-30,,,,,,
2016-12-01,,,,,,
2016-12-02,,,,,,
2016-12-03,,,,,,
2016-12-04,,,,,,
2016-12-05,,,,,,
2016-12-06,,,,,,
2016-12-07,,,,,,
2016-12-08,,,,,,
2016-12-09,,,,,,
2016-12-10,,,,,,
2016-12-11,,,,,,
2016-12-12,,,,,,
2016-12-13,,,,,,
2016-12-14,,,,,,
2016-12-15,,,,,,
2016-12-16,,,,,,
2016-12-17,,,,,,
2016-12-18,,,,,,
2016-12-19,,,,,,
2016-12-20,,,,,,
2016-12-21,,,,,,
2016-12-22,,,,,,
2016-12-23,,,,,,
2016-12-24,,,,,,
2016-12-25,,,,,,
2016-12-26,,,,,,
2016-12-27,,,,,,
2016-12-28,,,,,,
2016-12-29,,,,,,
2016-12-30,,,,,,
2016-12-31,,,,,,
